fiscal_year,federal_account_symbol,treasury_account_symbol,program_activity_reporting_key,program_activity_code,object_class_code,direct_or_reimbursable_funding_source,disaster_emergency_fund_code,endpoint_period,file_b_status,file_c_status,file_b_obligations_incurred,file_b_prior_year_adjustments,file_b_net,file_c_numeric_obligations,file_b_minus_file_c,file_b_row_count,file_b_numeric_row_count,file_b_blank_row_count,file_c_row_count,file_c_numeric_row_count,file_c_blank_row_count,file_b_bridge_status,file_b_baseline_status,file_b_endpoint_status,file_b_baseline_obligations_incurred,file_b_baseline_prior_year_adjustments,file_b_baseline_net,file_b_endpoint_obligations_incurred,file_b_endpoint_prior_year_adjustments,file_b_endpoint_net,file_b_baseline_row_count,file_b_endpoint_row_count
2025,070-0540,070-2020/2020-0540-000,,0002,25.4,D,Q,FY2025P12,numeric,absent,0.00,0.00,0.00,,,2,2,0,0,0,0,both,numeric,numeric,0.00,-8756.27,-8756.27,0.00,-8756.27,-8756.27,1,1
2025,070-0540,070-2020/2020-0540-000,,0003,25.4,D,Q,FY2025P12,numeric,numeric,0.00,-3543.99,-3543.99,-3543.99,0.00,2,2,0,1,1,0,both,numeric,numeric,0.00,0.00,0.00,0.00,-3543.99,-3543.99,1,1
2025,070-0540,070-2020/2020-0540-000,,0004,25.4,D,Q,FY2025P12,numeric,numeric,0.00,-78445.01,-78445.01,-78445.01,0.00,2,2,0,3,3,0,both,numeric,numeric,0.00,0.00,0.00,0.00,-78445.01,-78445.01,1,1
2025,070-0540,070-2020/2020-0540-000,,0005,25.4,D,Q,FY2025P12,numeric,numeric,0.00,-214738.70,-214738.70,-22902.73,-191835.97,2,2,0,2,2,0,both,numeric,numeric,0.00,0.00,0.00,0.00,-214738.70,-214738.70,1,1
2025,070-0540,070-2021/2021-0540-000,,0002,25.4,D,Q,FY2025P12,numeric,numeric,0.00,-172108.28,-172108.28,-127301.95,-44806.33,2,2,0,18,2,16,both,numeric,numeric,0.00,-19126.12,-19126.12,0.00,-191234.40,-191234.40,1,1
2025,070-0540,070-2021/2021-0540-000,,0004,25.4,D,Q,FY2025P12,numeric,numeric,0.00,-393459.76,-393459.76,-393459.76,0.00,2,2,0,1,1,0,both,numeric,numeric,0.00,0.00,0.00,0.00,-393459.76,-393459.76,1,1
2025,070-0540,070-2021/2021-0540-000,,0005,25.4,D,Q,FY2025P12,numeric,numeric,0.00,-9.83,-9.83,-9.83,0.00,2,2,0,1,1,0,both,numeric,numeric,0.00,-58512.00,-58512.00,0.00,-58521.83,-58521.83,1,1
2025,070-0540,070-2022/2022-0540-000,,0002,25.4,D,Q,FY2025P12,numeric,numeric,6296.39,-66895.36,-60598.97,-0.04,-60598.93,2,2,0,9,1,8,both,numeric,numeric,0.00,-45671.74,-45671.74,6296.39,-112567.10,-106270.71,1,1
2025,070-0540,070-2022/2022-0540-000,,0003,25.4,D,Q,FY2025P12,numeric,absent,0.00,0.00,0.00,,,2,2,0,0,0,0,both,numeric,numeric,0.00,0.00,0.00,0.00,0.00,0.00,1,1
2025,070-0540,070-2022/2022-0540-000,,0004,25.4,D,Q,FY2025P12,numeric,numeric,0.00,-362526.09,-362526.09,-362526.09,0.00,2,2,0,1,1,0,both,numeric,numeric,0.00,0.00,0.00,0.00,-362526.09,-362526.09,1,1
2025,070-0540,070-2022/2022-0540-000,,0005,25.4,D,Q,FY2025P12,numeric,numeric,0.00,-131332.84,-131332.84,-59738.84,-71594.00,2,2,0,1,1,0,both,numeric,numeric,21118.14,-92162.46,-71044.32,21118.14,-223495.30,-202377.16,1,1
2025,070-0540,070-2023/2023-0540-000,,0002,25.4,D,Q,FY2025P12,numeric,numeric,23644.93,-222711.12,-199066.19,-166406.22,-32659.97,2,2,0,37,5,32,both,numeric,numeric,0.00,0.00,0.00,23644.93,-222711.12,-199066.19,1,1
2025,070-0540,070-2023/2023-0540-000,,0003,25.4,D,Q,FY2025P12,numeric,numeric,0.00,-377773.73,-377773.73,-377773.73,0.00,2,2,0,9,1,8,both,numeric,numeric,0.00,-1280.00,-1280.00,0.00,-379053.73,-379053.73,1,1
2025,070-0540,070-2023/2023-0540-000,,0004,25.4,D,Q,FY2025P12,numeric,numeric,0.00,-1431538.81,-1431538.81,-1431538.81,0.00,2,2,0,27,3,24,both,numeric,numeric,0.00,0.00,0.00,0.00,-1431538.81,-1431538.81,1,1
2025,070-0540,070-2023/2023-0540-000,,0005,25.4,D,Q,FY2025P12,numeric,numeric,3507.91,-211247.11,-207739.20,-146002.09,-61737.11,2,2,0,19,3,16,both,numeric,numeric,0.00,-105617.56,-105617.56,3507.91,-316864.67,-313356.76,1,1
2025,070-0540,070-2024/2024-0540-000,,0002,25.4,D,Q,FY2025P12,numeric,all_blank,14617.60,-1919.75,12697.85,,,2,2,0,64,0,64,both,numeric,numeric,0.00,0.00,0.00,14617.60,-1919.75,12697.85,1,1
2025,070-0540,070-2024/2024-0540-000,,0003,25.4,D,Q,FY2025P12,numeric,all_blank,0.00,0.00,0.00,,,2,2,0,14,0,14,both,numeric,numeric,0.00,-32.75,-32.75,0.00,-32.75,-32.75,1,1
2025,070-0540,070-2024/2024-0540-000,,0004,25.4,D,Q,FY2025P12,numeric,all_blank,0.00,0.00,0.00,,,2,2,0,56,0,56,both,numeric,numeric,61094.60,-1749.75,59344.85,61094.60,-1749.75,59344.85,1,1
2025,070-0540,070-2024/2024-0540-000,,0005,25.4,D,Q,FY2025P12,numeric,numeric,1636915.89,-4617136.36,-2980220.47,-2082099.19,-898121.28,2,2,0,284,7,277,both,numeric,numeric,102224.92,-382167.56,-279942.64,1739140.81,-4999303.92,-3260163.11,1,1
2025,070-0540,070-2024/2024-0540-000,,0801,25.4,R,Q,FY2025P12,numeric,all_blank,0.00,0.00,0.00,,,2,2,0,17,0,17,both,numeric,numeric,0.00,0.00,0.00,0.00,0.00,0.00,1,1
2025,070-0540,070-2025/2025-0540-000,,0002,25.4,D,Q,FY2025P12,numeric,numeric,27850796.54,0.00,27850796.54,18516190.23,9334606.31,2,2,0,27,10,17,both,numeric,numeric,11184015.23,0.00,11184015.23,39034811.77,0.00,39034811.77,1,1
2025,070-0540,070-2025/2025-0540-000,,0003,25.4,D,Q,FY2025P12,numeric,numeric,2020711.80,0.00,2020711.80,1999900.46,20811.34,1,1,0,2,1,1,endpoint_only,absent,numeric,,,,2020711.80,0.00,2020711.80,0,1
2025,070-0540,070-2025/2025-0540-000,,0004,25.4,D,Q,FY2025P12,numeric,numeric,6588801.44,0.00,6588801.44,5697745.76,891055.68,2,2,0,24,4,20,both,numeric,numeric,142648.41,0.00,142648.41,6731449.85,0.00,6731449.85,1,1
2025,070-0540,070-2025/2025-0540-000,,0005,25.4,D,Q,FY2025P12,numeric,numeric,1712694913.59,0.00,1712694913.59,726374232.22,986320681.37,2,2,0,542,214,328,both,numeric,numeric,629365123.02,0.00,629365123.02,2342060036.61,0.00,2342060036.61,1,1
2025,070-0540,070-2025/2025-0540-000,,0801,25.4,R,Q,FY2025P12,numeric,numeric,1753272.40,0.00,1753272.40,1371060.40,382212.00,1,1,0,2,2,0,endpoint_only,absent,numeric,,,,1753272.40,0.00,1753272.40,0,1
2025,070-0540,070-2025/2026-0540-000,,0004,25.4,D,Q,FY2025P12,numeric,numeric,749916.61,0.00,749916.61,749916.61,0.00,1,1,0,1,1,0,endpoint_only,absent,numeric,,,,749916.61,0.00,749916.61,0,1
2025,070-0540,070-2025/2029-0540-000,,0001,25.4,D,Q,FY2025P12,numeric,numeric,356534288.11,0.00,356534288.11,190942550.71,165591737.40,1,1,0,26,23,3,endpoint_only,absent,numeric,,,,356534288.11,0.00,356534288.11,0,1
2025,070-0540,070-X-0540-000,,0001,25.4,D,Q,FY2025P12,numeric,absent,0.00,-475.50,-475.50,,,2,2,0,0,0,0,both,numeric,numeric,0.00,0.00,0.00,0.00,-475.50,-475.50,1,1
2025,070-0540,070-X-0540-000,,0801,25.4,R,Q,FY2025P12,numeric,numeric,612825.20,0.00,612825.20,612825.20,0.00,2,2,0,12,1,11,both,numeric,numeric,0.00,0.00,0.00,612825.20,0.00,612825.20,1,1
2025,070-0545,070-2023/2025-0545-000,,0002,25.4,D,Q,FY2025P12,numeric,numeric,150000.00,0.00,150000.00,150000.00,0.00,1,1,0,1,1,0,endpoint_only,absent,numeric,,,,150000.00,0.00,150000.00,0,1
2025,070-0545,070-2024/2026-0545-000,,0003,25.4,D,Q,FY2025P12,numeric,all_blank,0.00,0.00,0.00,,,2,2,0,7,0,7,both,numeric,numeric,0.00,0.00,0.00,0.00,0.00,0.00,1,1
2025,070-0545,070-2025/2027-0545-000,,0003,25.4,D,Q,FY2025P12,numeric,numeric,709934.72,0.00,709934.72,709934.72,0.00,1,1,0,1,1,0,endpoint_only,absent,numeric,,,,709934.72,0.00,709934.72,0,1
2025,070-0545,070-X-0545-000,,0001,25.4,D,Q,FY2025P12,numeric,absent,0.00,0.00,0.00,,,2,2,0,0,0,0,both,numeric,numeric,0.00,-1357.63,-1357.63,0.00,-1357.63,-1357.63,1,1
2026,070-0540,070-2021/2021-0540-000,5ZD2ZMB6YC2,,25.4,D,Q,FY2026P10,numeric,absent,0.00,-40739.59,-40739.59,,,1,1,0,0,0,0,not_required,not_required,numeric,,,,0.00,-40739.59,-40739.59,0,1
2026,070-0540,070-2021/2021-0540-000,5ZD2ZMB6YC4,,25.4,D,Q,FY2026P10,numeric,absent,0.00,0.00,0.00,,,1,1,0,0,0,0,not_required,not_required,numeric,,,,0.00,0.00,0.00,0,1
2026,070-0540,070-2021/2021-0540-000,5ZD2ZMB6YC5,,25.4,D,Q,FY2026P10,numeric,numeric,0.00,-43919.48,-43919.48,-43919.48,0.00,1,1,0,1,1,0,not_required,not_required,numeric,,,,0.00,-43919.48,-43919.48,0,1
2026,070-0540,070-2022/2022-0540-000,5ZD2ZMB6YC2,,25.4,D,Q,FY2026P10,numeric,absent,0.00,-42430.75,-42430.75,,,1,1,0,0,0,0,not_required,not_required,numeric,,,,0.00,-42430.75,-42430.75,0,1
2026,070-0540,070-2022/2022-0540-000,5ZD2ZMB6YC3,,25.4,D,Q,FY2026P10,numeric,absent,0.00,0.00,0.00,,,1,1,0,0,0,0,not_required,not_required,numeric,,,,0.00,0.00,0.00,0,1
2026,070-0540,070-2022/2022-0540-000,5ZD2ZMB6YC4,,25.4,D,Q,FY2026P10,numeric,absent,0.00,0.00,0.00,,,1,1,0,0,0,0,not_required,not_required,numeric,,,,0.00,0.00,0.00,0,1
2026,070-0540,070-2022/2022-0540-000,5ZD2ZMB6YC5,,25.4,D,Q,FY2026P10,numeric,absent,1636.01,-25942.23,-24306.22,,,1,1,0,0,0,0,not_required,not_required,numeric,,,,1636.01,-25942.23,-24306.22,0,1
2026,070-0540,070-2023/2023-0540-000,5ZD2ZMB6YC2,,25.4,D,Q,FY2026P10,numeric,absent,0.00,-81565.21,-81565.21,,,1,1,0,0,0,0,not_required,not_required,numeric,,,,0.00,-81565.21,-81565.21,0,1
2026,070-0540,070-2023/2023-0540-000,5ZD2ZMB6YC4,,25.4,D,Q,FY2026P10,numeric,absent,0.00,0.00,0.00,,,1,1,0,0,0,0,not_required,not_required,numeric,,,,0.00,0.00,0.00,0,1
2026,070-0540,070-2023/2023-0540-000,5ZD2ZMB6YC5,,25.4,D,Q,FY2026P10,numeric,numeric,0.00,-29805.77,-29805.77,-23709.62,-6096.15,1,1,0,1,1,0,not_required,not_required,numeric,,,,0.00,-29805.77,-29805.77,0,1
2026,070-0540,070-2024/2024-0540-000,5ZD2ZMB6YC2,,25.4,D,Q,FY2026P10,numeric,all_blank,0.00,-32930.08,-32930.08,,,1,1,0,14,0,14,not_required,not_required,numeric,,,,0.00,-32930.08,-32930.08,0,1
2026,070-0540,070-2024/2024-0540-000,5ZD2ZMB6YC3,,25.4,D,Q,FY2026P10,numeric,all_blank,0.00,0.00,0.00,,,1,1,0,7,0,7,not_required,not_required,numeric,,,,0.00,0.00,0.00,0,1
2026,070-0540,070-2024/2024-0540-000,5ZD2ZMB6YC4,,25.4,D,Q,FY2026P10,numeric,numeric,296038.91,-14580.00,281458.91,281458.91,0.00,1,1,0,37,2,35,not_required,not_required,numeric,,,,296038.91,-14580.00,281458.91,0,1
2026,070-0540,070-2024/2024-0540-000,5ZD2ZMB6YC5,,25.4,D,Q,FY2026P10,numeric,numeric,5864732.81,-207588.09,5657144.72,5800093.46,-142948.74,1,1,0,32,5,27,not_required,not_required,numeric,,,,5864732.81,-207588.09,5657144.72,0,1
2026,070-0540,070-2025/2025-0540-000,5ZD2ZMB6J1J,,25.4,R,Q,FY2026P10,numeric,all_blank,0.00,0.00,0.00,,,1,1,0,8,0,8,not_required,not_required,numeric,,,,0.00,0.00,0.00,0,1
2026,070-0540,070-2025/2025-0540-000,5ZD2ZMB6YC2,,25.4,D,Q,FY2026P10,numeric,all_blank,15782.88,-11570.10,4212.78,,,1,1,0,35,0,35,not_required,not_required,numeric,,,,15782.88,-11570.10,4212.78,0,1
2026,070-0540,070-2025/2025-0540-000,5ZD2ZMB6YC3,,25.4,D,Q,FY2026P10,numeric,all_blank,5840.64,0.00,5840.64,,,1,1,0,6,0,6,not_required,not_required,numeric,,,,5840.64,0.00,5840.64,0,1
2026,070-0540,070-2025/2025-0540-000,5ZD2ZMB6YC4,,25.4,D,Q,FY2026P10,numeric,all_blank,6804.00,-8856.00,-2052.00,,,1,1,0,8,0,8,not_required,not_required,numeric,,,,6804.00,-8856.00,-2052.00,0,1
2026,070-0540,070-2025/2025-0540-000,5ZD2ZMB6YC5,,25.4,D,Q,FY2026P10,numeric,numeric,4003280.33,-2932910.51,1070369.82,16950259.69,-15879889.87,1,1,0,324,16,308,not_required,not_required,numeric,,,,4003280.33,-2932910.51,1070369.82,0,1
2026,070-0540,070-2025/2026-0540-000,5ZD2ZMB6J1J,,25.4,R,Q,FY2026P10,absent,numeric,,,,225000.00,,0,0,0,1,1,0,not_required,not_required,absent,,,,,,,0,0
2026,070-0540,070-2025/2026-0540-000,5ZD2ZMB6YC2,,25.4,D,Q,FY2026P10,numeric,numeric,15000.00,0.00,15000.00,15000.00,0.00,1,1,0,4,1,3,not_required,not_required,numeric,,,,15000.00,0.00,15000.00,0,1
2026,070-0540,070-2025/2026-0540-000,5ZD2ZMB6YC4,,25.4,D,Q,FY2026P10,numeric,absent,0.00,0.00,0.00,,,1,1,0,0,0,0,not_required,not_required,numeric,,,,0.00,0.00,0.00,0,1
2026,070-0540,070-2025/2029-0540-000,5ZD2ZMB6YC1,,25.4,D,Q,FY2026P10,numeric,numeric,3136493324.91,-1671434.53,3134821890.38,1837751229.85,1297070660.53,1,1,0,361,82,279,not_required,not_required,numeric,,,,3136493324.91,-1671434.53,3134821890.38,0,1
2026,070-0540,070-2025/2029-0540-000,5ZD2ZMB6YC2,,25.4,D,Q,FY2026P10,numeric,absent,5692061.76,0.00,5692061.76,,,1,1,0,0,0,0,not_required,not_required,numeric,,,,5692061.76,0.00,5692061.76,0,1
2026,070-0540,070-2025/2029-0540-000,5ZD2ZMB6YC3,,25.4,D,Q,FY2026P10,numeric,absent,1500.00,0.00,1500.00,,,1,1,0,0,0,0,not_required,not_required,numeric,,,,1500.00,0.00,1500.00,0,1
2026,070-0540,070-2025/2029-0540-000,5ZD2ZMB6YC5,,25.4,D,Q,FY2026P10,numeric,numeric,2445334.06,0.00,2445334.06,2362834.06,82500.00,1,1,0,13,5,8,not_required,not_required,numeric,,,,2445334.06,0.00,2445334.06,0,1
2026,070-0540,070-2026/2026-0540-000,5ZD2ZMB6J1J,,25.4,R,Q,FY2026P10,numeric,all_blank,430135.51,0.00,430135.51,,,1,1,0,4,0,4,not_required,not_required,numeric,,,,430135.51,0.00,430135.51,0,1
2026,070-0540,070-2026/2026-0540-000,5ZD2ZMB6YC2,,25.4,D,Q,FY2026P10,numeric,all_blank,20700591.62,0.00,20700591.62,,,1,1,0,41,0,41,not_required,not_required,numeric,,,,20700591.62,0.00,20700591.62,0,1
2026,070-0540,070-2026/2026-0540-000,5ZD2ZMB6YC3,,25.4,D,Q,FY2026P10,numeric,all_blank,10141.79,0.00,10141.79,,,1,1,0,13,0,13,not_required,not_required,numeric,,,,10141.79,0.00,10141.79,0,1
2026,070-0540,070-2026/2026-0540-000,5ZD2ZMB6YC4,,25.4,D,Q,FY2026P10,numeric,all_blank,225770.35,0.00,225770.35,,,1,1,0,23,0,23,not_required,not_required,numeric,,,,225770.35,0.00,225770.35,0,1
2026,070-0540,070-2026/2026-0540-000,5ZD2ZMB6YC5,,25.4,D,Q,FY2026P10,numeric,numeric,365372270.22,0.00,365372270.22,177946221.94,187426048.28,1,1,0,233,22,211,not_required,not_required,numeric,,,,365372270.22,0.00,365372270.22,0,1
2026,070-0540,070-2026/2029-0540-000,5ZD2ZMB6YC2,,25.4,D,Q,FY2026P10,numeric,numeric,225000.00,0.00,225000.00,225000.00,0.00,1,1,0,2,1,1,not_required,not_required,numeric,,,,225000.00,0.00,225000.00,0,1
2026,070-0540,070-2026/2029-0540-000,5ZD2ZMB6YC4,,25.4,D,Q,FY2026P10,numeric,numeric,1000244.55,0.00,1000244.55,663293.15,336951.40,1,1,0,2,2,0,not_required,not_required,numeric,,,,1000244.55,0.00,1000244.55,0,1
2026,070-0540,070-2026/2029-0540-000,5ZD2ZMB6YC5,,25.4,D,Q,FY2026P10,numeric,numeric,255372627.88,0.00,255372627.88,141252560.50,114120067.38,1,1,0,14,14,0,not_required,not_required,numeric,,,,255372627.88,0.00,255372627.88,0,1
2026,070-0540,070-X-0540-000,5ZD2ZMB6J1J,,25.4,R,Q,FY2026P10,numeric,all_blank,7696.08,0.00,7696.08,,,1,1,0,4,0,4,not_required,not_required,numeric,,,,7696.08,0.00,7696.08,0,1
2026,070-0545,070-2023/2025-0545-000,5ZD2ZMBJ8TW,,25.4,D,Q,FY2026P10,numeric,all_blank,0.00,0.00,0.00,,,1,1,0,4,0,4,not_required,not_required,numeric,,,,0.00,0.00,0.00,0,1
2026,070-0545,070-2025/2027-0545-000,5ZD2ZMBJ8TX,,25.4,D,Q,FY2026P10,numeric,absent,0.00,0.00,0.00,,,1,1,0,0,0,0,not_required,not_required,numeric,,,,0.00,0.00,0.00,0,1
2026,070-0545,070-2025/2029-0545-000,5ZD2ZMBJ8TX,,25.4,D,Q,FY2026P10,numeric,numeric,11252817.30,0.00,11252817.30,11252817.30,0.00,1,1,0,4,1,3,not_required,not_required,numeric,,,,11252817.30,0.00,11252817.30,0,1
2026,070-0545,070-X-0545-000,5ZD2ZMBJ8TV,,25.4,D,Q,FY2026P10,numeric,absent,23836.49,-25445.31,-1608.82,,,1,1,0,0,0,0,not_required,not_required,numeric,,,,23836.49,-25445.31,-1608.82,0,1
