object_class_code,government_obligations,government_status,government_blank_rows,other_public_nonprofit_obligations,other_public_nonprofit_status,other_public_nonprofit_blank_rows,all_file_c_obligations,all_file_c_status,all_file_c_blank_rows,unreviewed_named_obligations,unreviewed_named_status,unreviewed_named_blank_rows
11.8,0.00,empty,0,0.00,empty,0,616189.33,partial_blank,246,0.00,empty,0
21.0,0.00,empty,0,0.00,empty,0,2242922233.94,partial_blank,1762,1700397431.78,partial_blank,227
22.0,0.00,empty,0,0.00,empty,0,3270039.36,partial_blank,1449,421741.52,partial_blank,526
23.2,142280.00,partial_blank,70,-20292.00,partial_blank,37,175373.00,partial_blank,135,60810.00,partial_blank,28
23.3,0.00,empty,0,0.00,empty,0,43990205.11,partial_blank,2876,4020080.63,partial_blank,207
25.1,44527.00,partial_blank,14,23600.00,partial_blank,19,826731410.15,partial_blank,6153,418135198.19,partial_blank,2191
25.2,577416.83,partial_blank,179,4341285.34,partial_blank,199,1071496898.71,partial_blank,12438,45636629.32,partial_blank,1096
25.3,14614.25,partial_blank,62,-2500.00,partial_blank,1,83810592.35,partial_blank,1313,42839674.30,partial_blank,586
25.4,-28520.00,partial_blank,17,18540.17,partial_blank,8,3136530747.79,partial_blank,1961,0.00,empty,0
25.5,0.00,empty,0,0.00,empty,0,-140134.61,partial_blank,1,-140134.61,partial_blank,1
25.6,0.00,empty,0,0.00,empty,0,341332145.15,partial_blank,659,250146091.98,partial_blank,391
25.7,109136.00,partial_blank,24,-2100.00,numeric,0,229478722.25,partial_blank,3687,99820957.55,partial_blank,1107
25.8,0.00,empty,0,0.00,empty,0,3568306.78,partial_blank,234,256377.28,partial_blank,74
26.0,,all_blank,5,0.00,empty,0,22043345.25,partial_blank,1842,15843799.79,partial_blank,953
31.0,,all_blank,8,0.00,empty,0,1464156553.63,partial_blank,8447,594026194.14,partial_blank,3133
32.0,0.00,empty,0,0.00,empty,0,36226284.15,partial_blank,36,35859864.15,partial_blank,7
41.0,0.00,empty,0,0.00,empty,0,305000.00,partial_blank,26,305000.00,partial_blank,26
94.0,,all_blank,2,,all_blank,3,,all_blank,289,,all_blank,59
