key,recipient_uei,recipient_name,type,amount,value_status,numeric_row_count,blank_row_count
missing,,,No recipient reported,9498809.00,partial_blank,5,12
uei:C182PM2K1463,C182PM2K1463,LEMOINE DISASTER RECOVERY LLC,Other private contractors,250.00,numeric,1,0
uei:C1G6S1HJFEQ4,C1G6S1HJFEQ4,RESPONSIVE DEPLOYMENT LLC,Other private contractors,250.00,numeric,1,0
uei:CN6JHWKMSCD5,CN6JHWKMSCD5,ISS ACTION INC,Other private contractors,250.00,numeric,1,0
uei:CNM4U3TPGUE7,CNM4U3TPGUE7,"LONGVIEW INTERNATIONAL TECHNOLOGY SOLUTIONS, INC.",Other private contractors,250.00,numeric,1,0
uei:CYD1SSRL8EM8,CYD1SSRL8EM8,"KCORP RELIANCE COMPANY, INC.",Other private contractors,,all_blank,0,8
uei:DJACUETFQUL8,DJACUETFQUL8,"GOVSMART, INC.",Other private contractors,16234.49,partial_blank,1,16
uei:DL1VNK64YL14,DL1VNK64YL14,"AMI EXPEDITIONARY HEALTHCARE, LLC",Other private contractors,250.00,numeric,1,0
uei:EEANN2A3SSQ4,EEANN2A3SSQ4,"INTERNATIONAL SOS GOVERNMENT MEDICAL SERVICES, INC.",Other private contractors,250.00,numeric,1,0
uei:F1PMZXNJ7NM5,F1PMZXNJ7NM5,"SLSCO, LTD.",Other private contractors,250.00,numeric,1,0
uei:F5JZUL8JTEK3,F5JZUL8JTEK3,"GLOBAL PRECISION SYSTEMS, LLC",Other private contractors,,all_blank,0,4
uei:FJLMN2N34M93,FJLMN2N34M93,GARDAWORLD FEDERAL SERVICES LLC,Selected private detention contractors,7727955.96,partial_blank,2,4
uei:FSY4LVSBGWB7,FSY4LVSBGWB7,PALANTIR TECHNOLOGIES INC.,Other private contractors,11252817.30,partial_blank,1,3
uei:G58ZEJ7HJGM1,G58ZEJ7HJGM1,MANAGEMENT & TRAINING CORPORATION,Selected private detention contractors,59830515.23,partial_blank,14,52
uei:GAE3BQFCPWM5,GAE3BQFCPWM5,"AXIS GLOBAL ENTERPRISES, INC.",Other private contractors,,all_blank,0,16
uei:GCPTKFRJSPJ9,GCPTKFRJSPJ9,ACEPEX MANAGEMENT CORPORATION,Other private contractors,-30868.93,numeric,3,0
uei:GFTGQRJ8F959,GFTGQRJ8F959,DEPLOYED RESOURCES LLC,Other private contractors,7466830.00,partial_blank,4,5
uei:GX7VU27CC847,GX7VU27CC847,FEDERAL LOCK & SAFE INC,Other private contractors,,all_blank,0,16
uei:H1KHJPJH9R51,H1KHJPJH9R51,"FOUR POINTS TECHNOLOGY, L.L.C.",Other private contractors,29301464.62,partial_blank,28,243
uei:H2N5CDZKJ1F6,H2N5CDZKJ1F6,MAINSCAPE INC,Other private contractors,-0.12,numeric,3,0
uei:H4H3J7SJCT76,H4H3J7SJCT76,"CENTERRA GROUP, LLC",Other private contractors,250.00,numeric,1,0
uei:H5M2KCZCA9M3,H5M2KCZCA9M3,G4S SECURE SOLUTIONS (USA) INC.,Other private contractors,410008.87,partial_blank,9,71
uei:H6NCLMPBP565,H6NCLMPBP565,"ROCKWELL AMERICAN SERVICES, LTD.",Other private contractors,250.00,numeric,1,0
uei:HERXJEEWZFL7,HERXJEEWZFL7,KVG LLC,Selected private detention contractors,18988292.78,partial_blank,1,4
uei:HJGMJN1JKL46,HJGMJN1JKL46,"CORECIVIC, INC.",Selected private detention contractors,459813713.11,partial_blank,74,269
uei:HK6RKYDJ5SZ5,HK6RKYDJ5SZ5,"COXCOM, LLC",Other private contractors,,all_blank,0,24
uei:HMJ4CBSCDNY4,HMJ4CBSCDNY4,"ASSET PROTECTION & SECURITY SERVICES, L.P.",Selected private detention contractors,250.00,numeric,1,0
uei:HT74GJ837NF8,HT74GJ837NF8,"RECANA SOLUTIONS, L.L.C.",Other private contractors,250.00,numeric,1,0
uei:HVR7BYAMSL27,HVR7BYAMSL27,GOTHAMS LLC,Other private contractors,250.00,numeric,1,0
uei:HWW3D6C5Y7X7,HWW3D6C5Y7X7,IMPERIAL COUNTY,State and local governments,-18000.00,numeric,1,0
uei:J76AEWGPFZT1,J76AEWGPFZT1,LASALLE CORRECTIONS V LLC,Selected private detention contractors,250.00,numeric,1,0
uei:JMLKZZ1NL2Z6,JMLKZZ1NL2Z6,"THE GEO GROUP, INC.",Selected private detention contractors,1011481849.63,partial_blank,145,547
uei:K18HRGF7HW21,K18HRGF7HW21,INSERSO CORPORATION,Other private contractors,15000.00,partial_blank,1,11
uei:K1B6MGA23WL3,K1B6MGA23WL3,RAPID DEPLOYMENT INC,Other private contractors,250.00,numeric,1,0
uei:K8RNMK1CCQW3,K8RNMK1CCQW3,PARAGON PROFESSIONAL SERVICES LLC,Selected private detention contractors,99132525.33,partial_blank,14,54
uei:KBETVELWWR23,KBETVELWWR23,COUNTY OF IMPERIAL,State and local governments,-14580.00,partial_blank,1,16
uei:KHFLCLB4BW91,KHFLCLB4BW91,"FEDERAL PRISON INDUSTRIES, INC",Other public or nonprofit entities,,all_blank,0,8
uei:KMXSSRURLT43,KMXSSRURLT43,THE AMERICAN CORRECTIONAL ASSOCIATION,Other public or nonprofit entities,20550.00,numeric,1,0
uei:L3VCKMD7J585,L3VCKMD7J585,SOS INTERNATIONAL LLC,Other private contractors,250.00,numeric,1,0
uei:L41JMCZK3GW6,L41JMCZK3GW6,"ACUITY INTERNATIONAL, LLC",Other private contractors,250.00,numeric,1,0
uei:L8BNTYVF45P7,L8BNTYVF45P7,"BERING STRAITS PROFESSIONAL SERVICES, LLC",Other private contractors,250.00,numeric,1,0
uei:LCJ3MDABAV97,LCJ3MDABAV97,"MAVAGI ENTERPRISES, INC.",Other public or nonprofit entities,-9.83,numeric,1,0
uei:LLMHPD1Q3X51,LLMHPD1Q3X51,"TARGET LOGISTICS MANAGEMENT, LLC",Other private contractors,250.00,numeric,1,0
uei:LTZPLD2SJKW3,LTZPLD2SJKW3,"A-ACTION FACILITY SERVICES, INC.",Other private contractors,228447.32,partial_blank,1,26
uei:LUDNH5K4XQU9,LUDNH5K4XQU9,"AKIMA GLOBAL SERVICES, LLC",Selected private detention contractors,90772881.33,partial_blank,38,223
uei:MJNJZE4LAHP6,MJNJZE4LAHP6,CHENEGA FACILITIES MANAGEMENT LLC,Other private contractors,-127301.91,partial_blank,1,10
uei:MLBYE6TCRT59,MLBYE6TCRT59,PAUL LEE,Other private contractors,,all_blank,0,16
uei:MLLGWJ8ZZ2S3,MLLGWJ8ZZ2S3,"DISASTER MANAGEMENT GROUP, LLC",Other private contractors,250.00,numeric,1,0
uei:MMT4LGM4H9Z5,MMT4LGM4H9Z5,DENVER HEALTH AND HOSPITAL AUTHORITY,Other public or nonprofit entities,-2000.00,numeric,1,0
uei:MNA3EF2HHKE5,MNA3EF2HHKE5,VISION QUEST SOLUTIONS INC,Other private contractors,250.00,numeric,1,0
uei:MT3CJK6XGNF8,MT3CJK6XGNF8,"LUKE & ASSOCIATES, INC.",Other private contractors,250.00,numeric,1,0
uei:MX89BGD5FK75,MX89BGD5FK75,"AT&T ENTERPRISES, LLC",Other private contractors,15400.00,partial_blank,2,22
uei:N7GNTMBL69K5,N7GNTMBL69K5,"INDUSTRIAL TENT SYSTEMS, LLC",Other private contractors,250.00,numeric,1,0
uei:P7HULKXXD154,P7HULKXXD154,DLK INC,Other private contractors,,all_blank,0,8
uei:PC8MDM9DDWT6,PC8MDM9DDWT6,INGENESIS INC,Other private contractors,250.00,numeric,1,0
uei:PUH4LGL9L1G9,PUH4LGL9L1G9,CITY OF COTTAGE GROVE,State and local governments,4060.00,partial_blank,1,1
uei:QEMLRQA7PLG4,QEMLRQA7PLG4,"AMENTUM SERVICES, INC.",Selected private detention contractors,452855685.04,partial_blank,2,1
uei:RKF9M2VP5JS6,RKF9M2VP5JS6,"OURISMAN DODGE, INC.",Other private contractors,,all_blank,0,8
uei:RRFJZGASZJ41,RRFJZGASZJ41,V2X SYSTEMS LLC,Other private contractors,250.00,numeric,1,0
uei:RW9CJ1Z2M9H1,RW9CJ1Z2M9H1,TOMAHAWK STRATEGIC SOLUTIONS LLC,Other private contractors,450000.00,partial_blank,2,1
uei:SFKFN7RQHNV3,SFKFN7RQHNV3,"CHENEGA TRI-SERVICES, LLC",Other private contractors,,all_blank,0,7
uei:SVC5U6D9JNQ5,SVC5U6D9JNQ5,KASTEL ENTERPRISES MK LLC,Other private contractors,250.00,numeric,1,0
uei:TTLUYN248DA1,TTLUYN248DA1,GUARDIAN 6 SOLUTIONS LLC,Other private contractors,250.00,numeric,1,0
uei:UF3FMLEAWT13,UF3FMLEAWT13,ASPEN MEDICAL USA INC,Other private contractors,250.00,numeric,1,0
uei:UKQUPVHWM6V9,UKQUPVHWM6V9,UNIVERSAL STRATEGIC ADVISORS LLC,Other private contractors,250.00,numeric,1,0
uei:VYUMS7L1EGL1,VYUMS7L1EGL1,STARSIDE SECURITY & INVESTIGATION INC,Other private contractors,-216164.43,partial_blank,8,39
uei:WGN2KJJD27Q3,WGN2KJJD27Q3,AKIMA INFRASTRUCTURE PROTECTION LLC,Selected private detention contractors,281014980.10,partial_blank,43,182
uei:XXJXSMP4H4J1,XXJXSMP4H4J1,"ACTIVE DEPLOYMENT SYSTEMS, LLC",Other private contractors,250.00,numeric,1,0
uei:Y54FQAPG4TN5,Y54FQAPG4TN5,LOYAL SOURCE GOVERNMENT SERVICES LLC,Other private contractors,250.00,numeric,1,0
uei:Y5U3BSK2G389,Y5U3BSK2G389,ACQUISITION LOGISTICS LLC,Selected private detention contractors,598444871.04,partial_blank,1,8
uei:Z5JLMFHLJF59,Z5JLMFHLJF59,"KIG TECHNICAL SERVICES, LLC",Other private contractors,250.00,numeric,1,0
uei:ZE2JVFS8ML75,ZE2JVFS8ML75,"RESPONSE AI SOLUTIONS, LLC",Other private contractors,250.00,partial_blank,1,2
uei:ZHJYA5NN32Z5,ZHJYA5NN32Z5,"MVM, INC.",Other private contractors,-1811718.14,partial_blank,1,24
uei:ZJFDNMA46LT9,ZJFDNMA46LT9,XATOR LLC,Other private contractors,250.00,numeric,1,0
uei:ZX23KR32ZH32,ZX23KR32ZH32,CADUCEUS INC.,Other private contractors,250.00,numeric,1,0
