facility_entity_id,facility_name,reported_type,original_group,review_group
fac_0003e6e2372f5a28a5aa9d96d1bf4b80,NATRONA COUNTY JAIL,USMS IGA,state_local,state_local
fac_0004721cd30a529799465e6e4f3b2639,LIMESTONE COUNTY DETENTION CENTER,USMS IGA,state_local,state_local
fac_00159741ca5e5ae6a782e549af570a46,"CASCADE COUNTY JAIL, MT",USMS IGA,state_local,state_local
fac_007170d5bedb5500a81fb69398b0f666,CIMARRON CORRECTIONAL FACILITY,USMS IGA,state_local,state_local
fac_010223ffd998556d831d29a1fefd8b1d,CENTRAL LOUISIANA ICE PROCESSING CENTER (CLIPC),IGSA,state_local,state_local
fac_033a0411929355cc9ad0348185466530,VAL VERDE CORRECTIONAL FACILITY,USMS IGA,state_local,state_local
fac_042e8a9e295f501392b9a1460733d213,RIVERSIDE REGIONAL JAIL,USMS IGA,state_local,state_local
fac_04e5d088078253448ad494a6214ce367,BURLEIGH COUNTY,USMS IGA,state_local,state_local
fac_05379451b2a354a9a781c7c96896cc92,NORTHWEST ICE PROCESSING CENTER,CDF,federal,federal
fac_05a9144d58525f8eba2f22c9f404a846,UINTA COUNTY JAIL,USMS IGA,state_local,state_local
fac_067834558ac5500fb96d0c08c98a8f70,PLYMOUTH COUNTY CORRECTIONAL FACILITY,IGSA,state_local,state_local
fac_06a6b546737b52aaa11f9945b2c66ad3,BUFFALO SERVICE PROCESSING CENTER,SPC,federal,federal
fac_0946e2513f4f55e5a52be0c43bbbf850,SIOUX COUNTY JAIL,USMS IGA,state_local,state_local
fac_09ab39eea3a55f9698a6720063a203d6,BROWARD TRANSITIONAL CENTER,CDF,federal,federal
fac_09dc0a3ea83d57d5aeba460ed56ea901,IAH SECURE ADULT DETENTION FACILITY (POLK),DIGSA,state_local,state_local
fac_09dec726d4a1542eaef9cb68cf8fa0b1,ADAMS COUNTY CORRECTIONAL CENTER,DIGSA,state_local,state_local
fac_09ed177653c65cf682d8120d755330ec,BROWARD COUNTY JAIL,IGSA,state_local,state_local
fac_0bf04fe84b1855869a5955fb084c6645,LOUISIANA ICE PROCESSING,IGSA,state_local,state_local
fac_0c9498d3571255fe838227b675748b97,ANCHORAGE CORRECTIONAL COMPLEX,USMS IGA,state_local,state_local
fac_0e8d67dd0f45521eaa556978905226ac,DEPARTMENT OF CORRECTIONS HAGATNA,USMS IGA,state_local,state_local
fac_10e0d6f1d18653708882e2ba31fe2f1a,WEBER COUNTY JAIL,USMS IGA,state_local,state_local
fac_117725cbbfdb5d18aef44a83a908bb50,ORANGE COUNTY JAIL (FL),USMS IGA,state_local,state_local
fac_11ef72ddcdaa540380563e7108514f9d,HOUSTON CONTRACT DETENTION FACILITY,CDF,federal,federal
fac_12e7066e0bd05392827b11e55063e70c,SOUTH LOUISIANA ICE PROCESSING CENTER,DIGSA,state_local,state_local
fac_1409fa9d65665fe1a7755b42b8f8d70c,DENVER CONTRACT DETENTION FACILITY,CDF,federal,federal
fac_153069b5c0c2570799d6ec9f22c81ae4,PICKENS COUNTY DETENTION CENTER,IGSA,state_local,state_local
fac_15b336afeca15bafa4cf6a96680e8878,EL PASO SERVICE PROCESSING CENTER,SPC,federal,federal
fac_164034c125bd5e16ad30b3bb809b990f,FAYETTE COUNTY DETENTION CENTER,USMS IGA,state_local,state_local
fac_169bfa3c2fa455e3bbf6d8bdd5246b8c,KAY CO JUSTICE FACILITY,IGSA,state_local,state_local
fac_18dac6c1150350289eb68dfb00007d1a,HONOLULU FEDERAL DETENTION CENTER,BOP,federal,federal
fac_1a4846611844564ba32c06c156133732,WARD COUNTY JAIL,USMS IGA,state_local,state_local
fac_1b2baa65c79651129ca5a5c764ebecb2,SOUTH TEXAS ICE PROCESSING CENTER,CDF,federal,federal
fac_1b8c22f67a8c50b1bac48c89bf4a2deb,LA SALLE COUNTY REGIONAL DETENTION CENTER,USMS IGA,state_local,state_local
fac_1cbc3c60f853502da5ba56c589d966fe,MONTGOMERY ICE PROCESSING CENTER,CDF,federal,federal
fac_1d053c598921541794b18e5aa1e57ae7,NELSON COLEMAN CORRECTION,USMS IGA,state_local,state_local
fac_1fdbcec48f745f7281b94c9027b3fc7f,FLORENCE SERVICE PROCESSING CENTER,SPC,federal,federal
fac_205a3f2a6b6f52dab89dbcf459434a03,ORANGE COUNTY JAIL (NY),IGSA,state_local,state_local
fac_205b9d2f2e425342ac0952c8a4a9deba,CACHE COUNTY JAIL,USMS IGA,state_local,state_local
fac_220734de8c035272a842dca71b60b026,ST. CLAIR COUNTY JAIL,IGSA,state_local,state_local
fac_23e708f518f95b7f9bb51fd5f54dd8f7,SEBASTIAN COUNTY DETENTION CENTER,USMS IGA,state_local,state_local
fac_23ecf0816bf8520eac0e913cb4b3bdb2,PRAIRIELAND DETENTION CENTER,DIGSA,state_local,state_local
fac_260c807abedc5874b55dfda8af2adb8a,LAREDO PROCESSING CENTER,DIGSA,state_local,state_local
fac_272ec6dd484156fb866670ab4a702df4,ST. LUCIE COUNTY JAIL,IGSA,state_local,state_local
fac_27cb208dda74594cac1cb44e19e36569,CLINTON COUNTY CORRECTIONAL FACILITY,USMS IGA,state_local,state_local
fac_28692231977252c580e736c0606c7e56,WAUKESHA COUNTY JAIL,USMS IGA,state_local,state_local
fac_2965b09493e959e2a34d61d35915ecf6,LEWISBURG US PENITENTIARY,BOP,federal,federal
fac_29b29a3d87a15c50b30f05276de527b6,NORTHEAST OHIO CORRECTIONAL CENTER,USMS IGA,state_local,state_local
fac_2f4e5d06635352e38d691a7ee2f81ca0,"CCA, FLORENCE CORRECTIONAL CENTER",USMS CDF,federal,federal
fac_31d04ac1f5435c70beac056693d3e827,LARAMIE COUNTY JAIL,USMS IGA,state_local,state_local
fac_32557148cedb554b9d6657b9bcd8440e,TULSA COUNTY JAIL (DAVID L. MOSS JUSTICE CTR),IGSA,state_local,state_local
fac_3273819632a655e89a03f1c578b8435b,PHELPS COUNTY JAIL (MO),USMS IGA,state_local,state_local
fac_360df735cbb9573cbd8149692757787a,MUSCATINE COUNTY JAIL,USMS IGA,state_local,state_local
fac_3642762134205a519fb69c0f2a17e8d5,JOE CORLEY PROCESSING CTR,IGSA,state_local,state_local
fac_3872b9f4567355b1bd3f5799d241cb82,CLARK COUNTY JAIL (IN),USMS IGA,state_local,state_local
fac_3886ac2aec7b5a8d9a51fdf7792abe41,EL VALLE DETENTION FACILITY,DIGSA,state_local,state_local
fac_3a1837759e9c57889658cbe901f401f9,WALTON COUNTY JAIL,USMS IGA,state_local,state_local
fac_3aed31ea4cbd57be822861e29ce07a45,DOUGLAS COUNTY,USMS IGA,state_local,state_local
fac_3c70d53a5b5f55b0baa33094bd6c201e,WOODBURY COUNTY JAIL,USMS IGA,state_local,state_local
fac_3c9863c627735e6f9e48e0cf03a6eb68,OZARK COUNTY SHERIFF'S OFFICE,IGSA,state_local,state_local
fac_3ce02e830a3252ff8138a7c089debf86,RIVER CORRECTIONAL CENTER,DIGSA,state_local,state_local
fac_3f7496533736540abaf52ca83d33a348,MAHONING COUNTY JAIL,USMS IGA,state_local,state_local
fac_40082b22c7e7593ba0c51722077cb3b8,HENDERSON DETENTION,USMS IGA,state_local,state_local
fac_402cc3f99758504c94a7d245766fbd61,DESERT VIEW ANNEX,CDF,federal,federal
fac_4248bc807b7f536a82964cda4d1807d0,T DON HUTTO DETENTION CENTER,CDF,federal,federal
fac_4357df2c2db55bdead9c08f8f2790e3d,GOLDEN STATE ANNEX,CDF,federal,federal
fac_436f3249a3ec59b5944f135c5504a23f,ETOWAH COUNTY JAIL,USMS IGA,state_local,state_local
fac_437800fc9fb15564aa8bd08ed60173c6,RIO GRANDE DETENTION CENTER,USMS CDF,federal,federal
fac_4704bdd45e4f542c9a45f3068a67281b,ELOY FEDERAL CONTRACT FACILITY,DIGSA,state_local,state_local
fac_482df3c58e0853adb40c1c10a23c337e,EAST HIDALGO DETENTION CENTER,USMS IGA,state_local,state_local
fac_4b3d93221a775028b8331239b2c18b87,CROW WING COUNTY JAIL,USMS IGA,state_local,state_local
fac_4f0a4bb4f052589a95bb1187cb250875,BOONE COUNTY JAIL,USMS IGA,state_local,state_local
fac_4f439a1c7ff15bdead69a66315bcf27f,PUTNAM COUNTY SHERIFF,USMS IGA,state_local,state_local
fac_4f822bee451c5911a5f7646071a3b8c2,DELANEY HALL DETENTION FACILITY,CDF,federal,federal
fac_50105790c8625a66b91ccc919e4b2ce8,KENTON COUNTY JAIL,USMS IGA,state_local,state_local
fac_512b73bee80d517ea517989532e8821a,BUTLER COUNTY JAIL,USMS IGA,state_local,state_local
fac_531f1d3ddaed5b90adaa7d4195c425da,MINNEHAHA COUNTY JAIL,USMS IGA,state_local,state_local
fac_536c214c0b10561480a1ae58aa98cb80,PIKE COUNTY JAIL,IGSA,state_local,state_local
fac_54ed0d209eb2532b87ed8dd9dbe85fd7,SALT LAKE COUNTY METRO JAIL,USMS IGA,state_local,state_local
fac_5622b45d559c556d847a9098d4705c78,CALIFORNIA CITY IMMIGRATION PROCESSING CENTER,CDF,federal,federal
fac_56c17eea61f65993ae9a62ac132e15c1,NORTHWEST REGIONAL CORRECTIONS CENTER,USMS IGA,state_local,state_local
fac_58502512cd1450f283c8cc6bd5220176,MIDWEST REGIONAL RECEPTION CENTER,CDF,federal,federal
fac_58c1dcdc3cb8556890706e60419ee92e,CHIPPEWA COUNTY SSM,IGSA,state_local,state_local
fac_58f797e6d39c5459844d2f52a4f975f2,CAMBRIA COUNTY PRISON,USMS IGA,state_local,state_local
fac_590de992b0225421a89c56d5672ee984,FLORENCE STAGING FACILITY,STAGING,federal,federal
fac_59cadb3038a455929a580b17d14d733a,LA PAZ COUNTY ADULT DETENTION FACILITY,USMS IGA,state_local,state_local
fac_5afefa21ec5b54d0a798af9ec543d476,FRANKLIN COUNTY JAIL,USMS IGA,state_local,state_local
fac_5ba0d4a94b9456cd9bbca6ef21850724,DAKOTA COUNTY JAIL,USMS IGA,state_local,state_local
fac_5c68bc31a78e5b35a2ed6b02ddf220f1,FARMVILLE DETENTION CENTER,DIGSA,state_local,state_local
fac_5fa37a57c5bb5e9a86ca17fd6bae2046,BERLIN FED. CORR. INST.,BOP,federal,federal
fac_616d4320c4955dcc8889b377235b46ef,PENNINGTON COUNTY JAIL (SOUTH DAKOTA),USMS IGA,state_local,state_local
fac_61f2f165926b5c14a0bc060172360fa1,POTTAWATTAMIE COUNTY JAIL,USMS IGA,state_local,state_local
fac_634a761f7f915b7da95ecf9a40d37123,CIBOLA COUNTY CORRECTIONAL CENTER,IGSA,state_local,state_local
fac_6422c8f1172953ea81999201d134af70,FCI ATLANTA,BOP,federal,federal
fac_642a62fc5e815cc6b022d96cafa2fbf1,HARDIN COUNTY JAIL,USMS IGA,state_local,state_local
fac_6964679c404352d49e791aec1a2c463f,DAVIS COUNTY,USMS IGA,state_local,state_local
fac_6c470c88dc005b12b1e3fcb3021d1cff,WASHOE COUNTY JAIL,USMS IGA,state_local,state_local
fac_6dab64a5a1135093b4675ddb26d12bce,BAKER COUNTY SHERIFF DEPT.,IGSA,state_local,state_local
fac_6e73b0479fe8538aa69cc27fd7816b8c,NEVADA SOUTHERN DETENTION CENTER,USMS CDF,federal,federal
fac_6fa59d2728445820bcab40fd24402603,STEWART DETENTION CENTER,DIGSA,state_local,state_local
fac_70a074fbe5b6548bb665b960d4165727,MARTIN COUNTY JAIL,USMS IGA,state_local,state_local
fac_70b46698dbef557a81c9fe438246c972,TOOELE COUNTY JAIL,USMS IGA,state_local,state_local
fac_73f4a13873f75a4d83001ffaed85c67a,DAVIESS COUNTY DETENTION,USMS IGA,state_local,state_local
fac_74ee6310b83552738a757b5b4cc1e0cd,LINCOLN COUNTY JAIL,USMS IGA,state_local,state_local
fac_76f46942f8155de694318f0d5f602a95,FULTON CO JAIL INDIANA,USMS IGA,state_local,state_local
fac_7814c60b9fa957518ed9dfeb902f19d6,IMPERIAL REGIONAL DETENTION FACILITY,CDF,federal,federal
fac_79fedc63d8e95402a17e879c567e4753,HANCOCK COUNTY PUBLIC SAFETY COMPLEX,IGSA,state_local,state_local
fac_7a7d1b95806a519295eb8c2e05f45045,SCOTT COUNTY DET. FACILITY,USMS IGA,state_local,state_local
fac_7bbe4959ebe454cfb9730c710f35c8b7,MONROE COUNTY DETENTION-DORM,IGSA,state_local,state_local
fac_7cf76dceea7e5bea89dc398f80accf76,WASHINGTON COUNTY DETENTION CENTER,USMS IGA,state_local,state_local
fac_7d397581796d539fae11b17b8c952e01,FOLKSTON ANNEX IPC,DIGSA,state_local,state_local
fac_7d7326a6d93957fd8046f0a5e21e9b33,BALDWIN COUNTY CORRECTIONAL CENTER,USMS IGA,state_local,state_local
fac_7dd05dc3e6a75843923715e7c505a344,WASHINGTON COUNTY JAIL (PURGATORY CORRECTIONAL FACILITY),USMS IGA,state_local,state_local
fac_7df2929771b25db298cedede689ced4f,PINE PRAIRIE ICE PROCESSING CENTER,DIGSA,state_local,state_local
fac_7ecafa2188e55223b3afc2f3286137cb,GRAYSON COUNTY JAIL,USMS IGA,state_local,state_local
fac_7f17e8acdad35b719ec0cdaaeb66c05e,VICTORIA COUNTY JAIL,USMS IGA,state_local,state_local
fac_81ac78b9baa85dba9b116ccced8f63f7,NORTHWEST STATE CORRECTIONAL CENTER,USMS IGA,state_local,state_local
fac_83ae80a895275158a0c4072fa78b18d3,PINELLAS COUNTY JAIL,USMS IGA,state_local,state_local
fac_8521af7db5295a41916e135b2e489d0a,BROOKLYN MDC,BOP,federal,federal
fac_87e90dab7a9d5f0e8d69f7077fe97572,GREENE COUNTY JAIL,USMS IGA,state_local,state_local
fac_880bb8bcf4355470ab891e7343690b40,KANDIYOHI COUNTY JAIL,IGSA,state_local,state_local
fac_89c3fe3fbc3551c3b473f58e27efa51f,LEXINGTON COUNTY JAIL,USMS IGA,state_local,state_local
fac_8a117a5dd703552294785ebf15e46af9,MIAMI FEDERAL DETENTION,BOP,federal,federal
fac_8d7dd3307acc5e6e91e82603058ec846,CENTRAL VALLEY ANNEX,CDF,federal,federal
fac_8dea310c845d597890c2b8f27f01e998,DILLEY IMMIGRATION PROCESSING CENTER,FAMILY,other,other
fac_8dedec600a8d54239cda868bd68ab097,KROME NORTH SERVICE PROCESSING CENTER,SPC,federal,federal
fac_9043a81b37f15e1f9a58baa939ce8317,FOLKSTON MAIN IPC,DIGSA,state_local,state_local
fac_912b94f8ab405e3081c438b3af9a3f31,NEW HANOVER COUNTY JAIL,USMS IGA,state_local,state_local
fac_95b97ac2cf4258b8bcad75f3f11ecab4,MINICASSIA DETENTION CENTER,USMS IGA,state_local,state_local
fac_95c453691d3050f097d376108e5785d5,GEAUGA COUNTY JAIL,USMS IGA,state_local,state_local
fac_9774959e9bb15fcb9ad8c7f77d2a3e37,SAUK COUNTY SHERIFF,USMS IGA,state_local,state_local
fac_97a12248d91150a2b91e98c0505706a4,ALEXANDRIA STAGING FACILITY,STAGING,federal,federal
fac_aa5998c8562555f79c371e6831483d35,MOSHANNON VALLEY PROCESSING CENTER,DIGSA,state_local,state_local
fac_ac348fd3c14e53cb91612b9638d266f6,CHARLOTTE COUNTY JAIL,IGSA,state_local,state_local
fac_ac4458ed08535a63b484ffa303f83e84,GRAND FORKS COUNTY CORRECTIONAL FACILITY,USMS IGA,state_local,state_local
fac_acbaa7b996305238ae5048280fb6cf61,DIAMONDBACK CORR FACILITY,DIGSA,state_local,state_local
fac_adfbf7374f71509ea73aa2889e7fb08c,PORT ISABEL SPC,SPC,federal,federal
fac_b01c297c876d5035a8413e7fdac5ab37,SHERBURNE COUNTY JAIL,USMS IGA,state_local,state_local
fac_b04398cf32b55627b451ecfa272aa194,NORTH LAKE CORRECTIONAL FACILITY,CDF,federal,federal
fac_b122a22017265038aef73948788c6531,LAWRENCE COUNTY,USMS IGA,state_local,state_local
fac_b4ef83bad7485e7cbd8248c3291d8977,KNOX COUNTY DETENTION FACILITY,USMS IGA,state_local,state_local
fac_b5dfd95acf035188908e64f71aa550a6,DODGE COUNTY JAIL,USMS IGA,state_local,state_local
fac_b8e5faacc7045beb99588ebcec724ffa,SARPY COUNTY JAIL,USMS IGA,state_local,state_local
fac_b9b6133328395044adf3649464871913,CHASE COUNTY JAIL,IGSA,state_local,state_local
fac_bb2ad7ab3239580f987a980349d42066,CASS COUNTY JAIL,USMS IGA,state_local,state_local
fac_bb5ad78c92bb58f692006f32eac5c108,HALL COUNTY DEPARTMENT OF CORRECTIONS,USMS IGA,state_local,state_local
fac_bbd54c6cbf385e7bad5bf4ef9a3e190c,OLDHAM COUNTY DETENTION CENTER,USMS IGA,state_local,state_local
fac_bc466ee1fe0a50a88cf9b7d13e860032,FLOYD COUNTY JAIL,USMS IGA,state_local,state_local
fac_bf6d9a8407165ac2bef2da9257581043,ROCKINGHAM COUNTY JAIL,USMS IGA,state_local,state_local
fac_c0a69743d8a35919818197fdf9a6c092,LAFAYETTE PARISH CORRECTIONAL CENTER,IGSA,state_local,state_local
fac_c0cdd3602c005b38987436f566aa52b8,GARVIN COUNTY DETENTION CENTER,IGSA,state_local,state_local
fac_c18bcd523dd8575398dae9f00b61c9ba,OTERO COUNTY PROCESSING CENTER,DIGSA,state_local,state_local
fac_c1a4429f035a50b4997d39597e9a9c8e,ADELANTO ICE PROCESSING CENTER,CDF,federal,federal
fac_c1eeb18e04c459e1b45447fd5d88c407,COLLIER COUNTY NAPLES JAIL CENTER,IGSA,state_local,state_local
fac_c22c29576bef59ae8338b8e10d09e3e2,TORRANCE COUNTY DETENTION FACILITY,IGSA,state_local,state_local
fac_c24110e5d5e1542980c909af456fea82,CALHOUN COUNTY CORRECTIONAL CENTER,IGSA,state_local,state_local
fac_c41ec6e6d9dd5f4c8aded6cd80963b67,NASSAU COUNTY CORRECTIONAL CENTER,USMS IGA,state_local,state_local
fac_c4ee62ad80155a6caa879e7c9f16214b,BAKER CORRECTIONAL INSTITUTION,STATE,state_local,other
fac_c65df41a8a9f5feba2f5ef80192189ab,MONTGOMERY COUNTY JAIL,USMS IGA,state_local,state_local
fac_c69513f1707e5984b9f89d701eda82e3,CAMP EAST MONTANA,CDF,federal,federal
fac_c7b2c1c30a1c54c38cb562ed10278887,WINN CORRECTIONAL CENTER,DIGSA,state_local,state_local
fac_c84c216331335974bde2f1a2b9182e94,JEFFERSON COUNTY JAIL,IGSA,state_local,state_local
fac_c8a48494852953c5ae143b0bcdd2a79a,ROBERT A DEYTON DETENTION FACILITY,USMS IGA,state_local,state_local
fac_cadf34099cd652e9ac73a8c5e7a9c40f,ELMORE COUNTY JAIL,USMS IGA,state_local,state_local
fac_cc41d7f4d26555608acad19229e1c171,WEBB COUNTY DETENTION CENTER (CCA),DIGSA,state_local,state_local
fac_cc56903706d55916ade7d29374367eb7,FLAGLER COUNTY JAIL,IGSA,state_local,state_local
fac_cfe65ede94695cbab9793e9d6c1f115a,ALLEN PARISH PUBLIC SAFETY COMPLEX,IGSA,state_local,state_local
fac_d22fb868be4657d6b666c457929f8763,KARNES COUNTY IMMIGRATION PROCESSING CENTER,DIGSA,state_local,state_local
fac_d28835dff8855ff0ab1a9efe02579195,FDC PHILADELPHIA,BOP,federal,federal
fac_d2babe6c4094547b8cf71bc90b364cda,RANDALL COUNTY JAIL,USMS IGA,state_local,state_local
fac_d37ff75bd0185037975f194fc7377de4,BLUEBONNET DETENTION FACILITY,DIGSA,state_local,state_local
fac_d3a5442b9cdb5cc8af605cafd5b729b3,COASTAL BEND DETENTION FACILITY,USMS IGA,state_local,state_local
fac_d46de0ef4524557592331e19251940e0,WYATT DETENTION CENTER,USMS IGA,state_local,state_local
fac_d50ee44470cb5e619cc54dcb2067c115,LOGAN COUNTY JAIL,USMS IGA,state_local,state_local
fac_d5e67bafe7f55551836ca018281caef4,CORR. CTR OF NORTHWEST OHIO,USMS IGA,state_local,state_local
fac_d70753db8521531b905f17b0b56d9139,POLK COUNTY JAIL,USMS IGA,state_local,state_local
fac_d86fc762133d542d8c6a6fb6806f46cc,HOPKINS COUNTY JAIL,USMS IGA,state_local,state_local
fac_d8cdc3f5643354baa05e58e2eee576ff,FREEBORN COUNTY ADULT DETENTION CENTER,IGSA,state_local,state_local
fac_d9bf4ecfb8995d159f29eb02ff1f7059,WESTERN TENNESSEE DETENTION FACILITY,DIGSA,state_local,state_local
fac_db8ab1001ba3541383b036f773f9af2f,MESA VERDE ICE PROCESSING CENTER,CDF,federal,federal
fac_dd4f727ec0d75d38a4308c46f96bf669,IRWIN COUNTY DETENTION CENTER,USMS IGA,state_local,state_local
fac_de4ed6229f2f5fc9b7f6b67a351d474e,MILLER COUNTY JAIL,USMS IGA,state_local,state_local
fac_defef30f3b6554e7a576eeeff2d17779,SENECA COUNTY JAIL,IGSA,state_local,state_local
fac_e24ebed218fe59afbc1cb1d678863374,CAROLINE DETENTION FACILITY,DIGSA,state_local,state_local
fac_e3947293bf90515b885db55e6953050e,SAN LUIS REGIONAL DETENTION CENTER,IGSA,state_local,state_local
fac_e3e5db913a1857b7b87a75625c134040,LIBERTY COUNTY JAIL,IGSA,state_local,state_local
fac_e47843e933905919a6ded4591fe520f2,OTAY MESA DETENTION CENTER,CDF,federal,federal
fac_e65e793e6cae51ec994a6e3955bdf57f,CAMPBELL CO DET CTR,USMS IGA,state_local,state_local
fac_e6a0a8ce50cb5497aaeda0abcd62f261,LINN COUNTY JAIL,USMS IGA,state_local,state_local
fac_e90f469c7fd15a6384b83ca4e4859386,PHELPS COUNTY JAIL (NE),USMS IGA,state_local,state_local
fac_e91448ff59f453d29b4db52ded2fd1a0,MIAMI CORRECTIONAL CENTER,IGSA,state_local,state_local
fac_e9a65fbeca0a538c8544e44ce65633ca,TURNER GUILFORD KNIGHT (TGK) JAIL,IGSA,state_local,state_local
fac_ebae16f448f755858ceada7cb7a1f4b3,RICHWOOD CORRECTIONAL CENTER,DIGSA,state_local,state_local
fac_ed22ec1f4e715dd2b5d85901c934b186,DILLEY PROCESSING SINGLE ADULT FEMALE,DIGSA,state_local,state_local
fac_edcad0529d6f510c9bc2384b87337fda,SAN JUAN STAGING,STAGING,federal,federal
fac_ee6f9eea80815c79a6a01f9f9ae73a31,MCCOOK DETENTION CENTER,DIGSA,state_local,state_local
fac_f00ec3d443cf5c3697b18435ee88a27b,STRAFFORD COUNTY CORRECTIONS,IGSA,state_local,state_local
fac_f14fda95ee1156f88068b77ad7fe8228,SAIPAN DEPARTMENT OF CORRECTIONS (SUSUPE),USMS IGA,state_local,state_local
fac_f5468a7a3d8956f1b1f9239c2c35b1e7,JACKSON PARISH CORRECTIONAL CENTER,IGSA,state_local,state_local
fac_f5d2c5b5ca6150f493e98e48ce1945e4,GLADES COUNTY DETENTION CENTER,IGSA,state_local,state_local
fac_f74a70f302445c0bbec21bd81b049fe6,LUBBOCK COUNTY DETENTION CENTER,USMS IGA,state_local,state_local
fac_f7ff2f945aa35d74ab0260ab616723ee,EDEN DETENTION CTR,USMS IGA,state_local,state_local
fac_f827f92341c15e2cba08833ecce51938,CLAY COUNTY JUSTICE CENTER,USMS IGA,state_local,state_local
fac_f8d3b30c6b9a572aa5a5ead7cbbc74d5,SWEETWATER COUNTY JAIL,USMS IGA,state_local,state_local
fac_fadcba3614ff5b11bd7ae8ae36f886e4,ELIZABETH CONTRACT DETENTION FACILITY,CDF,federal,federal
fac_faf6fe30b1d95865b2e278dd76865596,CHRISTIAN COUNTY JAIL,USMS IGA,state_local,state_local
fac_fbadcd8016695d3d9c320d464d88d577,MADISON COUNTY JAIL,USMS IGA,state_local,state_local
fac_fbf28bc0f6215b398d7df5b4e7c43a15,FOLKSTON D RAY ICE PROCESSING CTR,DIGSA,state_local,state_local
fac_fc67092feb0f598eb64687d39cd7c401,STE. GENEVIEVE COUNTY SHERIFF/JAIL,USMS IGA,state_local,state_local
