facility_entity_id,facility_name,reported_types,type_families,award_unique_key,award_id_piid,recipient_names,match_tier,matched_phrase,matched_file_c_rows,example_source_file,example_source_line,example_source_end_line,source_row_link,award_facility_count,selected_25_4_amount,shared_award_25_4_amount,pilot_case_id,pilot_facility,pilot_review_status,needs_rereview
fac_05379451b2a354a9a781c7c96896cc92,NORTHWEST ICE PROCESSING CENTER,CDF,other_type_family,CONT_AWD_70CDCR26FR0000055_7012_70CDCR26D00000026_7012,70CDCR26FR0000055,"THE GEO GROUP, INC.",reviewed_fragment,NORTHWEST ICE,10,DHS_FY2026P10_c/extracted/FY2026P01-P10_070_TAS_Contracts_AccountBreakdownByAward_2026-09-15_H22M13S36_01.csv,1331,1331,[source row](<data/raw/DHS_FY2026P10_c/extracted/FY2026P01-P10_070_TAS_Contracts_AccountBreakdownByAward_2026-09-15_H22M13S36_01.csv:1331>),1,31304434.63,,,,none,false
fac_09ab39eea3a55f9698a6720063a203d6,BROWARD TRANSITIONAL CENTER,CDF,other_type_family,CONT_AWD_70CDCR24FR0000053_7012_70CDCR21D00000004_7012,70CDCR24FR0000053,"THE GEO GROUP, INC.",full_name,BROWARD TRANSITIONAL CENTER,114,DHS_FY2025P12_c/extracted/FY2025P01-P12_070_TAS_Contracts_AccountBreakdownByAward_2026-09-16_H02M56S53_01.csv,3921,3921,[source row](<data/raw/DHS_FY2025P12_c/extracted/FY2025P01-P12_070_TAS_Contracts_AccountBreakdownByAward_2026-09-16_H02M56S53_01.csv:3921>),1,15244622.99,,,,none,false
fac_09ab39eea3a55f9698a6720063a203d6,BROWARD TRANSITIONAL CENTER,CDF,other_type_family,CONT_AWD_70CDCR25FR0000100_7012_70CDCR21D00000004_7012,70CDCR25FR0000100,"THE GEO GROUP, INC.",full_name,BROWARD TRANSITIONAL CENTER,40,DHS_FY2025P12_c/extracted/FY2025P01-P12_070_TAS_Contracts_AccountBreakdownByAward_2026-09-16_H02M56S53_01.csv,120948,120948,[source row](<data/raw/DHS_FY2025P12_c/extracted/FY2025P01-P12_070_TAS_Contracts_AccountBreakdownByAward_2026-09-16_H02M56S53_01.csv:120948>),1,28119135.00,,,,none,false
fac_11ef72ddcdaa540380563e7108514f9d,HOUSTON CONTRACT DETENTION FACILITY,CDF,other_type_family,CONT_AWD_70CDCR25FR0000095_7012_70CDCR20D00000014_7012,70CDCR25FR0000095,"CORECIVIC, INC.",full_name,HOUSTON CONTRACT DETENTION FACILITY,25,DHS_FY2025P12_c/extracted/FY2025P01-P12_070_TAS_Contracts_AccountBreakdownByAward_2026-09-16_H02M56S53_01.csv,164879,164879,[source row](<data/raw/DHS_FY2025P12_c/extracted/FY2025P01-P12_070_TAS_Contracts_AccountBreakdownByAward_2026-09-16_H02M56S53_01.csv:164879>),1,38179000.34,,,,none,false
fac_15b336afeca15bafa4cf6a96680e8878,EL PASO SERVICE PROCESSING CENTER,SPC,other_type_family,CONT_AWD_70CDCR25FR0000112_7012_70CDCR22D00000012_7012,70CDCR25FR0000112,PARAGON PROFESSIONAL SERVICES LLC,full_name,EL PASO SERVICE PROCESSING CENTER,20,DHS_FY2025P12_c/extracted/FY2025P01-P12_070_TAS_Contracts_AccountBreakdownByAward_2026-09-16_H02M56S53_01.csv,68688,68688,[source row](<data/raw/DHS_FY2025P12_c/extracted/FY2025P01-P12_070_TAS_Contracts_AccountBreakdownByAward_2026-09-16_H02M56S53_01.csv:68688>),1,58053128.71,,,,none,false
fac_15b336afeca15bafa4cf6a96680e8878,EL PASO SERVICE PROCESSING CENTER,SPC,other_type_family,CONT_AWD_70CMSW23C00000019_7012_-NONE-_-NONE-,70CMSW23C00000019,"PHOENIX GENERAL CONTRACTORS, LLC",full_name,EL PASO SERVICE PROCESSING CENTER,28,DHS_FY2025P12_c/extracted/FY2025P01-P12_070_TAS_Contracts_AccountBreakdownByAward_2026-09-16_H02M56S53_01.csv,147845,147845,[source row](<data/raw/DHS_FY2025P12_c/extracted/FY2025P01-P12_070_TAS_Contracts_AccountBreakdownByAward_2026-09-16_H02M56S53_01.csv:147845>),1,,,,,none,false
fac_15b336afeca15bafa4cf6a96680e8878,EL PASO SERVICE PROCESSING CENTER,SPC,other_type_family,CONT_AWD_70CMSW24C00000024_7012_-NONE-_-NONE-,70CMSW24C00000024,"CHENEGA MISSION OPERATIONS, LLC",full_name,EL PASO SERVICE PROCESSING CENTER,32,DHS_FY2025P12_c/extracted/FY2025P01-P12_070_TAS_Contracts_AccountBreakdownByAward_2026-09-16_H02M56S53_01.csv,197084,197084,[source row](<data/raw/DHS_FY2025P12_c/extracted/FY2025P01-P12_070_TAS_Contracts_AccountBreakdownByAward_2026-09-16_H02M56S53_01.csv:197084>),1,,,,,none,false
fac_15b336afeca15bafa4cf6a96680e8878,EL PASO SERVICE PROCESSING CENTER,SPC,other_type_family,CONT_AWD_70CMSW24C00000027_7012_-NONE-_-NONE-,70CMSW24C00000027,"CHENEGA MISSION OPERATIONS, LLC",full_name,EL PASO SERVICE PROCESSING CENTER,25,DHS_FY2025P12_c/extracted/FY2025P01-P12_070_TAS_Contracts_AccountBreakdownByAward_2026-09-16_H02M56S53_01.csv,260813,260813,[source row](<data/raw/DHS_FY2025P12_c/extracted/FY2025P01-P12_070_TAS_Contracts_AccountBreakdownByAward_2026-09-16_H02M56S53_01.csv:260813>),1,,,,,none,false
fac_15b336afeca15bafa4cf6a96680e8878,EL PASO SERVICE PROCESSING CENTER,SPC,other_type_family,CONT_AWD_70CMSW25C00000020_7012_-NONE-_-NONE-,70CMSW25C00000020,PBCI-PKS JV LLC,full_name,EL PASO SERVICE PROCESSING CENTER,14,DHS_FY2025P12_c/extracted/FY2025P01-P12_070_TAS_Contracts_AccountBreakdownByAward_2026-09-16_H02M56S53_01.csv,66631,66631,[source row](<data/raw/DHS_FY2025P12_c/extracted/FY2025P01-P12_070_TAS_Contracts_AccountBreakdownByAward_2026-09-16_H02M56S53_01.csv:66631>),1,,,,,none,false
fac_1b2baa65c79651129ca5a5c764ebecb2,SOUTH TEXAS ICE PROCESSING CENTER,CDF,other_type_family,CONT_AWD_70CDCR24FR0000038_7012_70CDCR20D00000012_7012,70CDCR24FR0000038,"THE GEO GROUP, INC.",full_name,SOUTH TEXAS ICE PROCESSING CENTER,93,DHS_FY2025P12_c/extracted/FY2025P01-P12_070_TAS_Contracts_AccountBreakdownByAward_2026-09-16_H02M56S53_01.csv,139871,139871,[source row](<data/raw/DHS_FY2025P12_c/extracted/FY2025P01-P12_070_TAS_Contracts_AccountBreakdownByAward_2026-09-16_H02M56S53_01.csv:139871>),1,25918095.00,,,,none,false
fac_1b2baa65c79651129ca5a5c764ebecb2,SOUTH TEXAS ICE PROCESSING CENTER,CDF,other_type_family,CONT_AWD_70CDCR25FR0000091_7012_70CDCR20D00000012_7012,70CDCR25FR0000091,"THE GEO GROUP, INC.",reviewed_fragment,SOUTH TEXAS ICE,78,DHS_FY2025P12_c/extracted/FY2025P01-P12_070_TAS_Contracts_AccountBreakdownByAward_2026-09-16_H02M56S53_01.csv,64445,64445,[source row](<data/raw/DHS_FY2025P12_c/extracted/FY2025P01-P12_070_TAS_Contracts_AccountBreakdownByAward_2026-09-16_H02M56S53_01.csv:64445>),1,55366732.50,,,,none,false
fac_1fdbcec48f745f7281b94c9027b3fc7f,FLORENCE SERVICE PROCESSING CENTER,SPC,other_type_family,CONT_AWD_70CDCR23FR0000065_7012_70CDCR20D00000004_7012,70CDCR23FR0000065,"AKIMA GLOBAL SERVICES, LLC",full_name,FLORENCE SERVICE PROCESSING CENTER,24,DHS_FY2025P12_c/extracted/FY2025P01-P12_070_TAS_Contracts_AccountBreakdownByAward_2026-09-16_H02M56S53_01.csv,199299,199299,[source row](<data/raw/DHS_FY2025P12_c/extracted/FY2025P01-P12_070_TAS_Contracts_AccountBreakdownByAward_2026-09-16_H02M56S53_01.csv:199299>),1,,,,,none,false
fac_1fdbcec48f745f7281b94c9027b3fc7f,FLORENCE SERVICE PROCESSING CENTER,SPC,other_type_family,CONT_AWD_70CDCR24FR0000065_7012_70CDCR20D00000004_7012,70CDCR24FR0000065,"AKIMA GLOBAL SERVICES, LLC",full_name,FLORENCE SERVICE PROCESSING CENTER,100,DHS_FY2025P12_c/extracted/FY2025P01-P12_070_TAS_Contracts_AccountBreakdownByAward_2026-09-16_H02M56S53_01.csv,210974,210974,[source row](<data/raw/DHS_FY2025P12_c/extracted/FY2025P01-P12_070_TAS_Contracts_AccountBreakdownByAward_2026-09-16_H02M56S53_01.csv:210974>),1,21822532.00,,,,none,false
fac_1fdbcec48f745f7281b94c9027b3fc7f,FLORENCE SERVICE PROCESSING CENTER,SPC,other_type_family,CONT_AWD_70CDCR25FR0000110_7012_70CDCR20D00000004_7012,70CDCR25FR0000110,"AKIMA GLOBAL SERVICES, LLC",full_name,FLORENCE SERVICE PROCESSING CENTER,55,DHS_FY2025P12_c/extracted/FY2025P01-P12_070_TAS_Contracts_AccountBreakdownByAward_2026-09-16_H02M56S53_01.csv,849,849,[source row](<data/raw/DHS_FY2025P12_c/extracted/FY2025P01-P12_070_TAS_Contracts_AccountBreakdownByAward_2026-09-16_H02M56S53_01.csv:849>),1,29557676.00,,,,none,false
fac_1fdbcec48f745f7281b94c9027b3fc7f,FLORENCE SERVICE PROCESSING CENTER,SPC,other_type_family,CONT_AWD_70CMSW19FR0000044_7012_GS21F015CA_4732,70CMSW19FR0000044,SATELLITE SERVICES INC,full_name,FLORENCE SERVICE PROCESSING CENTER,84,DHS_FY2025P12_c/extracted/FY2025P01-P12_070_TAS_Contracts_AccountBreakdownByAward_2026-09-16_H02M56S53_01.csv,89141,89141,[source row](<data/raw/DHS_FY2025P12_c/extracted/FY2025P01-P12_070_TAS_Contracts_AccountBreakdownByAward_2026-09-16_H02M56S53_01.csv:89141>),1,,,,,none,false
fac_1fdbcec48f745f7281b94c9027b3fc7f,FLORENCE SERVICE PROCESSING CENTER,SPC,other_type_family,CONT_AWD_70CMSW25FR0000116_7012_GS07F0017V_4730,70CMSW25FR0000116,"APL ACCESS & SECURITY, INC.",full_name,FLORENCE SERVICE PROCESSING CENTER,7,DHS_FY2025P12_c/extracted/FY2025P01-P12_070_TAS_Contracts_AccountBreakdownByAward_2026-09-16_H02M56S53_01.csv,242146,242146,[source row](<data/raw/DHS_FY2025P12_c/extracted/FY2025P01-P12_070_TAS_Contracts_AccountBreakdownByAward_2026-09-16_H02M56S53_01.csv:242146>),1,,,,,none,false
fac_1fdbcec48f745f7281b94c9027b3fc7f,FLORENCE SERVICE PROCESSING CENTER,SPC,other_type_family,CONT_AWD_70CMSW25P00000024_7012_-NONE-_-NONE-,70CMSW25P00000024,"APL ACCESS & SECURITY, INC.",full_name,FLORENCE SERVICE PROCESSING CENTER,10,DHS_FY2025P12_c/extracted/FY2025P01-P12_070_TAS_Contracts_AccountBreakdownByAward_2026-09-16_H02M56S53_01.csv,239808,239808,[source row](<data/raw/DHS_FY2025P12_c/extracted/FY2025P01-P12_070_TAS_Contracts_AccountBreakdownByAward_2026-09-16_H02M56S53_01.csv:239808>),1,,,,,none,false
fac_2f4e5d06635352e38d691a7ee2f81ca0,"CCA, FLORENCE CORRECTIONAL CENTER",USMS CDF|USMS IGA,other_type_family|state_local_type_family,CONT_AWD_70CDCR24FR0000037_7012_DJJODT9C0001_1501,70CDCR24FR0000037,"CORECIVIC, INC.",reviewed_fragment,FLORENCE CORRECTIONAL,28,DHS_FY2025P12_c/extracted/FY2025P01-P12_070_TAS_Contracts_AccountBreakdownByAward_2026-09-16_H02M56S53_01.csv,297848,297848,[source row](<data/raw/DHS_FY2025P12_c/extracted/FY2025P01-P12_070_TAS_Contracts_AccountBreakdownByAward_2026-09-16_H02M56S53_01.csv:297848>),1,10262121.00,,,,none,false
fac_2f4e5d06635352e38d691a7ee2f81ca0,"CCA, FLORENCE CORRECTIONAL CENTER",USMS CDF|USMS IGA,other_type_family|state_local_type_family,CONT_AWD_70CDCR25FR0000041_7012_DJJODT9C0001_1501,70CDCR25FR0000041,"CORECIVIC, INC.",reviewed_fragment,FLORENCE CORRECTIONAL,28,DHS_FY2025P12_c/extracted/FY2025P01-P12_070_TAS_Contracts_AccountBreakdownByAward_2026-09-16_H02M56S53_01.csv,273446,273446,[source row](<data/raw/DHS_FY2025P12_c/extracted/FY2025P01-P12_070_TAS_Contracts_AccountBreakdownByAward_2026-09-16_H02M56S53_01.csv:273446>),1,27602800.00,,7,"CCA, FLORENCE CORRECTIONAL CENTER",proposal,true
fac_2f4e5d06635352e38d691a7ee2f81ca0,"CCA, FLORENCE CORRECTIONAL CENTER",USMS CDF|USMS IGA,other_type_family|state_local_type_family,CONT_AWD_70CDCR26FR0000069_7012_DJJODT9C0001_1501,70CDCR26FR0000069,"CORECIVIC, INC.",reviewed_fragment,FLORENCE CORRECTIONAL,1,DHS_FY2026P10_c/extracted/FY2026P01-P10_070_TAS_Contracts_AccountBreakdownByAward_2026-09-15_H22M13S36_01.csv,17305,17305,[source row](<data/raw/DHS_FY2026P10_c/extracted/FY2026P01-P10_070_TAS_Contracts_AccountBreakdownByAward_2026-09-15_H22M13S36_01.csv:17305>),1,2600000.00,,,,none,false
fac_402cc3f99758504c94a7d245766fbd61,DESERT VIEW ANNEX,CDF,other_type_family,CONT_AWD_70CDCR24FR0000012_7012_70CDCR20D00000009_7012,70CDCR24FR0000012,"THE GEO GROUP, INC.",reviewed_fragment,DESERT VIEW,24,DHS_FY2025P12_c/extracted/FY2025P01-P12_070_TAS_Contracts_AccountBreakdownByAward_2026-09-16_H02M56S53_01.csv,223995,223995,[source row](<data/raw/DHS_FY2025P12_c/extracted/FY2025P01-P12_070_TAS_Contracts_AccountBreakdownByAward_2026-09-16_H02M56S53_01.csv:223995>),1,-68104.30,,,,none,false
fac_402cc3f99758504c94a7d245766fbd61,DESERT VIEW ANNEX,CDF,other_type_family,CONT_AWD_70CDCR25FR0000010_7012_70CDCR20D00000009_7012,70CDCR25FR0000010,"THE GEO GROUP, INC.",reviewed_fragment,DESERT VIEW,42,DHS_FY2025P12_c/extracted/FY2025P01-P12_070_TAS_Contracts_AccountBreakdownByAward_2026-09-16_H02M56S53_01.csv,51048,51048,[source row](<data/raw/DHS_FY2025P12_c/extracted/FY2025P01-P12_070_TAS_Contracts_AccountBreakdownByAward_2026-09-16_H02M56S53_01.csv:51048>),1,31459863.39,,,,none,false
fac_402cc3f99758504c94a7d245766fbd61,DESERT VIEW ANNEX,CDF,other_type_family,CONT_AWD_70CDCR26FR0000031_7012_70CDCR20D00000009_7012,70CDCR26FR0000031,"THE GEO GROUP, INC.",full_name,DESERT VIEW ANNEX,12,DHS_FY2026P10_c/extracted/FY2026P01-P10_070_TAS_Contracts_AccountBreakdownByAward_2026-09-15_H22M13S36_01.csv,96703,96703,[source row](<data/raw/DHS_FY2026P10_c/extracted/FY2026P01-P10_070_TAS_Contracts_AccountBreakdownByAward_2026-09-15_H22M13S36_01.csv:96703>),1,27288000.00,,,,none,false
fac_4248bc807b7f536a82964cda4d1807d0,T DON HUTTO DETENTION CENTER,CDF|DIGSA,other_type_family|state_local_type_family,CONT_AWD_70CDCR23FR0000041_7012_70CDCR20D00000013_7012,70CDCR23FR0000041,"CORECIVIC, INC.",full_name,T DON HUTTO DETENTION CENTER,3,DHS_FY2025P12_c/extracted/FY2025P01-P12_070_TAS_Contracts_AccountBreakdownByAward_2026-09-16_H02M56S53_01.csv,50192,50192,[source row](<data/raw/DHS_FY2025P12_c/extracted/FY2025P01-P12_070_TAS_Contracts_AccountBreakdownByAward_2026-09-16_H02M56S53_01.csv:50192>),1,,,,,none,false
fac_4248bc807b7f536a82964cda4d1807d0,T DON HUTTO DETENTION CENTER,CDF|DIGSA,other_type_family|state_local_type_family,CONT_AWD_70CDCR24FR0000039_7012_70CDCR20D00000013_7012,70CDCR24FR0000039,"CORECIVIC, INC.",reviewed_fragment,T DON HUTTO,95,DHS_FY2025P12_c/extracted/FY2025P01-P12_070_TAS_Contracts_AccountBreakdownByAward_2026-09-16_H02M56S53_01.csv,279071,279071,[source row](<data/raw/DHS_FY2025P12_c/extracted/FY2025P01-P12_070_TAS_Contracts_AccountBreakdownByAward_2026-09-16_H02M56S53_01.csv:279071>),1,9871344.91,,,,none,false
fac_4248bc807b7f536a82964cda4d1807d0,T DON HUTTO DETENTION CENTER,CDF|DIGSA,other_type_family|state_local_type_family,CONT_AWD_70CDCR25FR0000090_7012_70CDCR20D00000013_7012,70CDCR25FR0000090,"CORECIVIC, INC.",full_name,T DON HUTTO DETENTION CENTER,82,DHS_FY2025P12_c/extracted/FY2025P01-P12_070_TAS_Contracts_AccountBreakdownByAward_2026-09-16_H02M56S53_01.csv,248438,248438,[source row](<data/raw/DHS_FY2025P12_c/extracted/FY2025P01-P12_070_TAS_Contracts_AccountBreakdownByAward_2026-09-16_H02M56S53_01.csv:248438>),1,25794498.40,,,,none,false
fac_4357df2c2db55bdead9c08f8f2790e3d,GOLDEN STATE ANNEX,CDF,other_type_family,CONT_AWD_70CDCR24FR0000010_7012_70CDCR20D00000008_7012,70CDCR24FR0000010,"THE GEO GROUP, INC.",reviewed_fragment,GOLDEN STATE,70,DHS_FY2025P12_c/extracted/FY2025P01-P12_070_TAS_Contracts_AccountBreakdownByAward_2026-09-16_H02M56S53_01.csv,100028,100028,[source row](<data/raw/DHS_FY2025P12_c/extracted/FY2025P01-P12_070_TAS_Contracts_AccountBreakdownByAward_2026-09-16_H02M56S53_01.csv:100028>),2,,-125894.10,,,none,false
fac_4357df2c2db55bdead9c08f8f2790e3d,GOLDEN STATE ANNEX,CDF,other_type_family,CONT_AWD_70CDCR26FR0000042_7012_70CDCR20D00000008_7012,70CDCR26FR0000042,"THE GEO GROUP, INC.",reviewed_fragment,GOLDEN STATE,27,DHS_FY2026P10_c/extracted/FY2026P01-P10_070_TAS_Contracts_AccountBreakdownByAward_2026-09-15_H22M13S36_01.csv,57809,57809,[source row](<data/raw/DHS_FY2026P10_c/extracted/FY2026P01-P10_070_TAS_Contracts_AccountBreakdownByAward_2026-09-15_H22M13S36_01.csv:57809>),2,,76447987.22,4,CENTRAL VALLEY ANNEX|GOLDEN STATE ANNEX|MESA VERDE ICE PROCESSING CENTER,proposal,true
fac_437800fc9fb15564aa8bd08ed60173c6,RIO GRANDE DETENTION CENTER,USMS CDF,other_type_family,CONT_AWD_70CDCR24FC0000004_7012_HSCEDM14A00001_7012,70CDCR24FC0000004,"THE GEO GROUP, INC.",full_name,RIO GRANDE DETENTION CENTER,48,DHS_FY2025P12_c/extracted/FY2025P01-P12_070_TAS_Contracts_AccountBreakdownByAward_2026-09-16_H02M56S53_01.csv,217079,217079,[source row](<data/raw/DHS_FY2025P12_c/extracted/FY2025P01-P12_070_TAS_Contracts_AccountBreakdownByAward_2026-09-16_H02M56S53_01.csv:217079>),1,984298.43,,,,none,false
fac_437800fc9fb15564aa8bd08ed60173c6,RIO GRANDE DETENTION CENTER,USMS CDF,other_type_family,CONT_AWD_70CDCR25FC0000002_7012_HSCEDM14A00001_7012,70CDCR25FC0000002,"THE GEO GROUP, INC.",full_name,RIO GRANDE DETENTION CENTER,57,DHS_FY2025P12_c/extracted/FY2025P01-P12_070_TAS_Contracts_AccountBreakdownByAward_2026-09-16_H02M56S53_01.csv,74583,74583,[source row](<data/raw/DHS_FY2025P12_c/extracted/FY2025P01-P12_070_TAS_Contracts_AccountBreakdownByAward_2026-09-16_H02M56S53_01.csv:74583>),1,8710348.00,,,,none,false
fac_437800fc9fb15564aa8bd08ed60173c6,RIO GRANDE DETENTION CENTER,USMS CDF,other_type_family,CONT_AWD_70CDCR26FC0000002_7012_HSCEDM14A00001_7012,70CDCR26FC0000002,"THE GEO GROUP, INC.",full_name,RIO GRANDE DETENTION CENTER,9,DHS_FY2026P10_c/extracted/FY2026P01-P10_070_TAS_Contracts_AccountBreakdownByAward_2026-09-15_H22M13S36_01.csv,80579,80579,[source row](<data/raw/DHS_FY2026P10_c/extracted/FY2026P01-P10_070_TAS_Contracts_AccountBreakdownByAward_2026-09-15_H22M13S36_01.csv:80579>),1,3223900.00,,,,none,false
fac_4f822bee451c5911a5f7646071a3b8c2,DELANEY HALL DETENTION FACILITY,CDF,other_type_family,CONT_AWD_70CDCR25FR0000029_7012_70CDCR25D00000007_7012,70CDCR25FR0000029,"THE GEO GROUP, INC.",reviewed_fragment,DELANEY HALL,75,DHS_FY2025P12_c/extracted/FY2025P01-P12_070_TAS_Contracts_AccountBreakdownByAward_2026-09-16_H02M56S53_01.csv,191387,191387,[source row](<data/raw/DHS_FY2025P12_c/extracted/FY2025P01-P12_070_TAS_Contracts_AccountBreakdownByAward_2026-09-16_H02M56S53_01.csv:191387>),1,56836563.90,,,,none,false
fac_4f822bee451c5911a5f7646071a3b8c2,DELANEY HALL DETENTION FACILITY,CDF,other_type_family,CONT_AWD_70CDCR26FR0000050_7012_70CDCR25D00000007_7012,70CDCR26FR0000050,"THE GEO GROUP, INC.",reviewed_fragment,DELANEY HALL,10,DHS_FY2026P10_c/extracted/FY2026P01-P10_070_TAS_Contracts_AccountBreakdownByAward_2026-09-15_H22M13S36_01.csv,225010,225010,[source row](<data/raw/DHS_FY2026P10_c/extracted/FY2026P01-P10_070_TAS_Contracts_AccountBreakdownByAward_2026-09-15_H22M13S36_01.csv:225010>),1,37054726.00,,,,none,false
fac_4f822bee451c5911a5f7646071a3b8c2,DELANEY HALL DETENTION FACILITY,CDF,other_type_family,CONT_AWD_70CDCR26P00000013_7012_-NONE-_-NONE-,70CDCR26P00000013,"RESPONSE AI SOLUTIONS, LLC",full_name,DELANEY HALL DETENTION FACILITY,3,DHS_FY2026P10_c/extracted/FY2026P01-P10_070_TAS_Contracts_AccountBreakdownByAward_2026-09-15_H22M13S36_01.csv,54744,54744,[source row](<data/raw/DHS_FY2026P10_c/extracted/FY2026P01-P10_070_TAS_Contracts_AccountBreakdownByAward_2026-09-15_H22M13S36_01.csv:54744>),1,,,,,none,false
fac_4f822bee451c5911a5f7646071a3b8c2,DELANEY HALL DETENTION FACILITY,CDF,other_type_family,CONT_AWD_70CTD025FC0000016_7012_70CTD023A00000001_7012,70CTD025FC0000016,"FCN, INC.",reviewed_fragment,DELANEY HALL,17,DHS_FY2025P12_c/extracted/FY2025P01-P12_070_TAS_Contracts_AccountBreakdownByAward_2026-09-16_H02M56S53_01.csv,41402,41402,[source row](<data/raw/DHS_FY2025P12_c/extracted/FY2025P01-P12_070_TAS_Contracts_AccountBreakdownByAward_2026-09-16_H02M56S53_01.csv:41402>),1,,,,,none,false
fac_5622b45d559c556d847a9098d4705c78,CALIFORNIA CITY IMMIGRATION PROCESSING CENTER,CDF,other_type_family,CONT_AWD_70CDCR25FR0000039_7012_70CDCR25D00000010_7012,70CDCR25FR0000039,"CORECIVIC, INC.",reviewed_fragment,CALIFORNIA CITY,21,DHS_FY2025P12_c/extracted/FY2025P01-P12_070_TAS_Contracts_AccountBreakdownByAward_2026-09-16_H02M56S53_01.csv,292591,292591,[source row](<data/raw/DHS_FY2025P12_c/extracted/FY2025P01-P12_070_TAS_Contracts_AccountBreakdownByAward_2026-09-16_H02M56S53_01.csv:292591>),1,13658622.28,,,,none,false
fac_5622b45d559c556d847a9098d4705c78,CALIFORNIA CITY IMMIGRATION PROCESSING CENTER,CDF,other_type_family,CONT_AWD_70CDCR25FR0000122_7012_70CDCR25D00000010_7012,70CDCR25FR0000122,"CORECIVIC, INC.",reviewed_fragment,CALIFORNIA CITY,30,DHS_FY2025P12_c/extracted/FY2025P01-P12_070_TAS_Contracts_AccountBreakdownByAward_2026-09-16_H02M56S53_01.csv,243968,243968,[source row](<data/raw/DHS_FY2025P12_c/extracted/FY2025P01-P12_070_TAS_Contracts_AccountBreakdownByAward_2026-09-16_H02M56S53_01.csv:243968>),1,94030664.56,,,,none,false
fac_5622b45d559c556d847a9098d4705c78,CALIFORNIA CITY IMMIGRATION PROCESSING CENTER,CDF,other_type_family,CONT_AWD_70CTD025FC0000014_7012_70CTD023A00000001_7012,70CTD025FC0000014,"FCN, INC.",reviewed_fragment,CALIFORNIA CITY,15,DHS_FY2025P12_c/extracted/FY2025P01-P12_070_TAS_Contracts_AccountBreakdownByAward_2026-09-16_H02M56S53_01.csv,276976,276976,[source row](<data/raw/DHS_FY2025P12_c/extracted/FY2025P01-P12_070_TAS_Contracts_AccountBreakdownByAward_2026-09-16_H02M56S53_01.csv:276976>),1,,,,,none,false
fac_634a761f7f915b7da95ecf9a40d37123,CIBOLA COUNTY CORRECTIONAL CENTER,IGSA,state_local_type_family,CONT_AWD_70CDCR26FR0000060_7012_70CDCR26D00000029_7012,70CDCR26FR0000060,"CORECIVIC, INC.",full_name,CIBOLA COUNTY CORRECTIONAL CENTER,6,DHS_FY2026P10_c/extracted/FY2026P01-P10_070_TAS_Contracts_AccountBreakdownByAward_2026-09-15_H22M13S36_01.csv,159533,159533,[source row](<data/raw/DHS_FY2026P10_c/extracted/FY2026P01-P10_070_TAS_Contracts_AccountBreakdownByAward_2026-09-15_H22M13S36_01.csv:159533>),1,8441811.06,,,,none,false
fac_7814c60b9fa957518ed9dfeb902f19d6,IMPERIAL REGIONAL DETENTION FACILITY,CDF,other_type_family,CONT_AWD_70CDCR24FR0000008_7012_70CDCR20D00000006_7012,70CDCR24FR0000008,MANAGEMENT & TRAINING CORPORATION,full_name,IMPERIAL REGIONAL DETENTION FACILITY,67,DHS_FY2025P12_c/extracted/FY2025P01-P12_070_TAS_Contracts_AccountBreakdownByAward_2026-09-16_H02M56S53_01.csv,192774,192774,[source row](<data/raw/DHS_FY2025P12_c/extracted/FY2025P01-P12_070_TAS_Contracts_AccountBreakdownByAward_2026-09-16_H02M56S53_01.csv:192774>),1,925192.45,,,,none,false
fac_7814c60b9fa957518ed9dfeb902f19d6,IMPERIAL REGIONAL DETENTION FACILITY,CDF,other_type_family,CONT_AWD_70CDCR26FR0000010_7012_70CDCR20D00000006_7012,70CDCR26FR0000010,MANAGEMENT & TRAINING CORPORATION,full_name,IMPERIAL REGIONAL DETENTION FACILITY,40,DHS_FY2026P10_c/extracted/FY2026P01-P10_070_TAS_Contracts_AccountBreakdownByAward_2026-09-15_H22M13S36_01.csv,147475,147475,[source row](<data/raw/DHS_FY2026P10_c/extracted/FY2026P01-P10_070_TAS_Contracts_AccountBreakdownByAward_2026-09-15_H22M13S36_01.csv:147475>),1,23522162.40,,,,none,false
fac_adfbf7374f71509ea73aa2889e7fb08c,PORT ISABEL SPC,SPC,other_type_family,CONT_AWD_70CDCR22FR0000019_7012_70CDCR22D00000002_7012,70CDCR22FR0000019,AKIMA INFRASTRUCTURE PROTECTION LLC,reviewed_fragment,PORT ISABEL,2,DHS_FY2025P12_c/extracted/FY2025P01-P12_070_TAS_Contracts_AccountBreakdownByAward_2026-09-16_H02M56S53_01.csv,273289,273289,[source row](<data/raw/DHS_FY2025P12_c/extracted/FY2025P01-P12_070_TAS_Contracts_AccountBreakdownByAward_2026-09-16_H02M56S53_01.csv:273289>),1,-81882.42,,,,none,false
fac_adfbf7374f71509ea73aa2889e7fb08c,PORT ISABEL SPC,SPC,other_type_family,CONT_AWD_70CDCR22FR0000027_7012_70CDCR22D00000003_7012,70CDCR22FR0000027,AHTNA SUPPORT & TRAINING SERVICES LLC,reviewed_fragment,PORT ISABEL,2,DHS_FY2025P12_c/extracted/FY2025P01-P12_070_TAS_Contracts_AccountBreakdownByAward_2026-09-16_H02M56S53_01.csv,176053,176053,[source row](<data/raw/DHS_FY2025P12_c/extracted/FY2025P01-P12_070_TAS_Contracts_AccountBreakdownByAward_2026-09-16_H02M56S53_01.csv:176053>),1,,,,,none,false
fac_adfbf7374f71509ea73aa2889e7fb08c,PORT ISABEL SPC,SPC,other_type_family,CONT_AWD_70CDCR24FR0000005_7012_70CDCR22D00000002_7012,70CDCR24FR0000005,AKIMA INFRASTRUCTURE PROTECTION LLC,reviewed_fragment,PORT ISABEL,73,DHS_FY2025P12_c/extracted/FY2025P01-P12_070_TAS_Contracts_AccountBreakdownByAward_2026-09-16_H02M56S53_01.csv,26916,26916,[source row](<data/raw/DHS_FY2025P12_c/extracted/FY2025P01-P12_070_TAS_Contracts_AccountBreakdownByAward_2026-09-16_H02M56S53_01.csv:26916>),1,4507445.47,,,,none,false
fac_adfbf7374f71509ea73aa2889e7fb08c,PORT ISABEL SPC,SPC,other_type_family,CONT_AWD_70CDCR25FR0000006_7012_70CDCR22D00000002_7012,70CDCR25FR0000006,AKIMA INFRASTRUCTURE PROTECTION LLC,reviewed_fragment,PORT ISABEL,116,DHS_FY2025P12_c/extracted/FY2025P01-P12_070_TAS_Contracts_AccountBreakdownByAward_2026-09-16_H02M56S53_01.csv,225649,225649,[source row](<data/raw/DHS_FY2025P12_c/extracted/FY2025P01-P12_070_TAS_Contracts_AccountBreakdownByAward_2026-09-16_H02M56S53_01.csv:225649>),1,39092790.61,,,,none,false
fac_adfbf7374f71509ea73aa2889e7fb08c,PORT ISABEL SPC,SPC,other_type_family,CONT_AWD_70CDCR25P00000014_7012_-NONE-_-NONE-,70CDCR25P00000014,THE AMERICAN CORRECTIONAL ASSOCIATION,reviewed_fragment,PORT ISABEL,1,DHS_FY2025P12_c/extracted/FY2025P01-P12_070_TAS_Contracts_AccountBreakdownByAward_2026-09-16_H02M56S53_01.csv,20604,20604,[source row](<data/raw/DHS_FY2025P12_c/extracted/FY2025P01-P12_070_TAS_Contracts_AccountBreakdownByAward_2026-09-16_H02M56S53_01.csv:20604>),1,20550.00,,,,none,false
fac_adfbf7374f71509ea73aa2889e7fb08c,PORT ISABEL SPC,SPC,other_type_family,CONT_AWD_70CDCR26FR0000007_7012_70CDCR22D00000002_7012,70CDCR26FR0000007,AKIMA INFRASTRUCTURE PROTECTION LLC,reviewed_fragment,PORT ISABEL,25,DHS_FY2026P10_c/extracted/FY2026P01-P10_070_TAS_Contracts_AccountBreakdownByAward_2026-09-15_H22M13S36_01.csv,208079,208079,[source row](<data/raw/DHS_FY2026P10_c/extracted/FY2026P01-P10_070_TAS_Contracts_AccountBreakdownByAward_2026-09-15_H22M13S36_01.csv:208079>),1,27318402.00,,,,none,false
fac_adfbf7374f71509ea73aa2889e7fb08c,PORT ISABEL SPC,SPC,other_type_family,CONT_AWD_70CMSW18C00000006_7012_-NONE-_-NONE-,70CMSW18C00000006,"MAVAGI ENTERPRISES, INC.",full_name,PORT ISABEL SPC,33,DHS_FY2025P12_c/extracted/FY2025P01-P12_070_TAS_Contracts_AccountBreakdownByAward_2026-09-16_H02M56S53_01.csv,36251,36251,[source row](<data/raw/DHS_FY2025P12_c/extracted/FY2025P01-P12_070_TAS_Contracts_AccountBreakdownByAward_2026-09-16_H02M56S53_01.csv:36251>),1,-9.83,,,,none,false
fac_adfbf7374f71509ea73aa2889e7fb08c,PORT ISABEL SPC,SPC,other_type_family,CONT_AWD_70CMSW18FR0000045_7012_GS06Q17BQDS206_4732,70CMSW18FR0000045,CHENEGA FACILITIES MANAGEMENT LLC,full_name,PORT ISABEL SPC,98,DHS_FY2025P12_c/extracted/FY2025P01-P12_070_TAS_Contracts_AccountBreakdownByAward_2026-09-16_H02M56S53_01.csv,122278,122278,[source row](<data/raw/DHS_FY2025P12_c/extracted/FY2025P01-P12_070_TAS_Contracts_AccountBreakdownByAward_2026-09-16_H02M56S53_01.csv:122278>),1,,,,,none,false
fac_adfbf7374f71509ea73aa2889e7fb08c,PORT ISABEL SPC,SPC,other_type_family,CONT_AWD_70CMSW19C00000006_7012_-NONE-_-NONE-,70CMSW19C00000006,"MAVAGI ENTERPRISES, INC.",full_name,PORT ISABEL SPC,47,DHS_FY2025P12_c/extracted/FY2025P01-P12_070_TAS_Contracts_AccountBreakdownByAward_2026-09-16_H02M56S53_01.csv,172,172,[source row](<data/raw/DHS_FY2025P12_c/extracted/FY2025P01-P12_070_TAS_Contracts_AccountBreakdownByAward_2026-09-16_H02M56S53_01.csv:172>),1,,,,,none,false
fac_adfbf7374f71509ea73aa2889e7fb08c,PORT ISABEL SPC,SPC,other_type_family,CONT_AWD_70CMSW19P00000005_7012_-NONE-_-NONE-,70CMSW19P00000005,EAST RIO HONDO WATER SUPPLY CORP,reviewed_fragment,PORT ISABEL,38,DHS_FY2025P12_c/extracted/FY2025P01-P12_070_TAS_Contracts_AccountBreakdownByAward_2026-09-16_H02M56S53_01.csv,44969,44969,[source row](<data/raw/DHS_FY2025P12_c/extracted/FY2025P01-P12_070_TAS_Contracts_AccountBreakdownByAward_2026-09-16_H02M56S53_01.csv:44969>),1,,,,,none,false
fac_adfbf7374f71509ea73aa2889e7fb08c,PORT ISABEL SPC,SPC,other_type_family,CONT_AWD_70CMSW20C00000014_7012_-NONE-_-NONE-,70CMSW20C00000014,"AXIS GLOBAL ENTERPRISES, INC.",reviewed_fragment,PORT ISABEL,1,DHS_FY2025P12_c/extracted/FY2025P01-P12_070_TAS_Contracts_AccountBreakdownByAward_2026-09-16_H02M56S53_01.csv,101926,101926,[source row](<data/raw/DHS_FY2025P12_c/extracted/FY2025P01-P12_070_TAS_Contracts_AccountBreakdownByAward_2026-09-16_H02M56S53_01.csv:101926>),1,,,,,none,false
fac_adfbf7374f71509ea73aa2889e7fb08c,PORT ISABEL SPC,SPC,other_type_family,CONT_AWD_70CMSW20P00000041_7012_-NONE-_-NONE-,70CMSW20P00000041,AJANTA CONSULTING LLC,full_name,PORT ISABEL SPC,1,DHS_FY2025P12_c/extracted/FY2025P01-P12_070_TAS_Contracts_AccountBreakdownByAward_2026-09-16_H02M56S53_01.csv,62423,62423,[source row](<data/raw/DHS_FY2025P12_c/extracted/FY2025P01-P12_070_TAS_Contracts_AccountBreakdownByAward_2026-09-16_H02M56S53_01.csv:62423>),1,,,,,none,false
fac_adfbf7374f71509ea73aa2889e7fb08c,PORT ISABEL SPC,SPC,other_type_family,CONT_AWD_70CMSW22C00000015_7012_-NONE-_-NONE-,70CMSW22C00000015,CINKA CONSTRUCTION & CONSULTING SERVICES LLC,reviewed_fragment,PORT ISABEL,57,DHS_FY2025P12_c/extracted/FY2025P01-P12_070_TAS_Contracts_AccountBreakdownByAward_2026-09-16_H02M56S53_01.csv,29554,29554,[source row](<data/raw/DHS_FY2025P12_c/extracted/FY2025P01-P12_070_TAS_Contracts_AccountBreakdownByAward_2026-09-16_H02M56S53_01.csv:29554>),1,,,,,none,false
fac_adfbf7374f71509ea73aa2889e7fb08c,PORT ISABEL SPC,SPC,other_type_family,CONT_AWD_70CMSW22P00000027_7012_-NONE-_-NONE-,70CMSW22P00000027,"AXIS GLOBAL ENTERPRISES, INC.",reviewed_fragment,PORT ISABEL,36,DHS_FY2025P12_c/extracted/FY2025P01-P12_070_TAS_Contracts_AccountBreakdownByAward_2026-09-16_H02M56S53_01.csv,119338,119338,[source row](<data/raw/DHS_FY2025P12_c/extracted/FY2025P01-P12_070_TAS_Contracts_AccountBreakdownByAward_2026-09-16_H02M56S53_01.csv:119338>),1,,,,,none,false
fac_adfbf7374f71509ea73aa2889e7fb08c,PORT ISABEL SPC,SPC,other_type_family,CONT_AWD_70CMSW24C00000010_7012_-NONE-_-NONE-,70CMSW24C00000010,"ACCESS COMMUNICATIONS GROUP, LLC",reviewed_fragment,PORT ISABEL,16,DHS_FY2025P12_c/extracted/FY2025P01-P12_070_TAS_Contracts_AccountBreakdownByAward_2026-09-16_H02M56S53_01.csv,110124,110124,[source row](<data/raw/DHS_FY2025P12_c/extracted/FY2025P01-P12_070_TAS_Contracts_AccountBreakdownByAward_2026-09-16_H02M56S53_01.csv:110124>),1,,,,,none,false
fac_adfbf7374f71509ea73aa2889e7fb08c,PORT ISABEL SPC,SPC,other_type_family,CONT_AWD_70CMSW24FR0000038_7012_GS07F0293X_4732,70CMSW24FR0000038,ADVANCED MATERIAL HANDLING LLC,reviewed_fragment,PORT ISABEL,18,DHS_FY2025P12_c/extracted/FY2025P01-P12_070_TAS_Contracts_AccountBreakdownByAward_2026-09-16_H02M56S53_01.csv,202371,202371,[source row](<data/raw/DHS_FY2025P12_c/extracted/FY2025P01-P12_070_TAS_Contracts_AccountBreakdownByAward_2026-09-16_H02M56S53_01.csv:202371>),1,,,,,none,false
fac_adfbf7374f71509ea73aa2889e7fb08c,PORT ISABEL SPC,SPC,other_type_family,CONT_AWD_70CMSW25C00000013_7012_-NONE-_-NONE-,70CMSW25C00000013,"PRIME MASONRY, LLC",reviewed_fragment,PORT ISABEL,16,DHS_FY2025P12_c/extracted/FY2025P01-P12_070_TAS_Contracts_AccountBreakdownByAward_2026-09-16_H02M56S53_01.csv,276884,276884,[source row](<data/raw/DHS_FY2025P12_c/extracted/FY2025P01-P12_070_TAS_Contracts_AccountBreakdownByAward_2026-09-16_H02M56S53_01.csv:276884>),1,,,,,none,false
fac_adfbf7374f71509ea73aa2889e7fb08c,PORT ISABEL SPC,SPC,other_type_family,CONT_AWD_70CMSW25C00000017_7012_-NONE-_-NONE-,70CMSW25C00000017,"PRIME MASONRY, LLC",reviewed_fragment,PORT ISABEL,7,DHS_FY2025P12_c/extracted/FY2025P01-P12_070_TAS_Contracts_AccountBreakdownByAward_2026-09-16_H02M56S53_01.csv,90861,90861,[source row](<data/raw/DHS_FY2025P12_c/extracted/FY2025P01-P12_070_TAS_Contracts_AccountBreakdownByAward_2026-09-16_H02M56S53_01.csv:90861>),1,,,,,none,false
fac_adfbf7374f71509ea73aa2889e7fb08c,PORT ISABEL SPC,SPC,other_type_family,CONT_AWD_70CMSW25C00000019_7012_-NONE-_-NONE-,70CMSW25C00000019,YERKES SOUTH INC.,reviewed_fragment,PORT ISABEL,9,DHS_FY2025P12_c/extracted/FY2025P01-P12_070_TAS_Contracts_AccountBreakdownByAward_2026-09-16_H02M56S53_01.csv,97339,97339,[source row](<data/raw/DHS_FY2025P12_c/extracted/FY2025P01-P12_070_TAS_Contracts_AccountBreakdownByAward_2026-09-16_H02M56S53_01.csv:97339>),1,,,,,none,false
fac_adfbf7374f71509ea73aa2889e7fb08c,PORT ISABEL SPC,SPC,other_type_family,CONT_AWD_70CMSW25C00000023_7012_-NONE-_-NONE-,70CMSW25C00000023,BRISTOL BUILDING CONSTRUCTORS LLC,reviewed_fragment,PORT ISABEL,8,DHS_FY2025P12_c/extracted/FY2025P01-P12_070_TAS_Contracts_AccountBreakdownByAward_2026-09-16_H02M56S53_01.csv,200593,200593,[source row](<data/raw/DHS_FY2025P12_c/extracted/FY2025P01-P12_070_TAS_Contracts_AccountBreakdownByAward_2026-09-16_H02M56S53_01.csv:200593>),1,,,,,none,false
fac_adfbf7374f71509ea73aa2889e7fb08c,PORT ISABEL SPC,SPC,other_type_family,CONT_AWD_70CMSW25FR0000028_7012_47QRAA21D007Y_4732,70CMSW25FR0000028,"RMF ENGINEERING, INC., P.C.",reviewed_fragment,PORT ISABEL,7,DHS_FY2025P12_c/extracted/FY2025P01-P12_070_TAS_Contracts_AccountBreakdownByAward_2026-09-16_H02M56S53_01.csv,247444,247444,[source row](<data/raw/DHS_FY2025P12_c/extracted/FY2025P01-P12_070_TAS_Contracts_AccountBreakdownByAward_2026-09-16_H02M56S53_01.csv:247444>),1,,,,,none,false
fac_adfbf7374f71509ea73aa2889e7fb08c,PORT ISABEL SPC,SPC,other_type_family,CONT_AWD_70CMSW26C00000006_7012_-NONE-_-NONE-,70CMSW26C00000006,BRISTOL BUILDING CONSTRUCTORS LLC,reviewed_fragment,PORT ISABEL,2,DHS_FY2026P10_c/extracted/FY2026P01-P10_070_TAS_Contracts_AccountBreakdownByAward_2026-09-15_H22M13S36_01.csv,93174,93174,[source row](<data/raw/DHS_FY2026P10_c/extracted/FY2026P01-P10_070_TAS_Contracts_AccountBreakdownByAward_2026-09-15_H22M13S36_01.csv:93174>),1,,,,,none,false
fac_adfbf7374f71509ea73aa2889e7fb08c,PORT ISABEL SPC,SPC,other_type_family,CONT_AWD_70CMSW26C00000007_7012_-NONE-_-NONE-,70CMSW26C00000007,"ACCESS COMMUNICATIONS GROUP, LLC",reviewed_fragment,PORT ISABEL,1,DHS_FY2026P10_c/extracted/FY2026P01-P10_070_TAS_Contracts_AccountBreakdownByAward_2026-09-15_H22M13S36_01.csv,125519,125519,[source row](<data/raw/DHS_FY2026P10_c/extracted/FY2026P01-P10_070_TAS_Contracts_AccountBreakdownByAward_2026-09-15_H22M13S36_01.csv:125519>),1,,,,,none,false
fac_b04398cf32b55627b451ecfa272aa194,NORTH LAKE CORRECTIONAL FACILITY,CDF,other_type_family,CONT_AWD_70CDCR25FR0000037_7012_70CDCR25D00000009_7012,70CDCR25FR0000037,"THE GEO GROUP, INC.",full_name,NORTH LAKE CORRECTIONAL FACILITY,14,DHS_FY2025P12_c/extracted/FY2025P01-P12_070_TAS_Contracts_AccountBreakdownByAward_2026-09-16_H02M56S53_01.csv,237905,237905,[source row](<data/raw/DHS_FY2025P12_c/extracted/FY2025P01-P12_070_TAS_Contracts_AccountBreakdownByAward_2026-09-16_H02M56S53_01.csv:237905>),1,7350371.31,,,,none,false
fac_b04398cf32b55627b451ecfa272aa194,NORTH LAKE CORRECTIONAL FACILITY,CDF,other_type_family,CONT_AWD_70CDCR25FR0000096_7012_70CDCR25D00000009_7012,70CDCR25FR0000096,"THE GEO GROUP, INC.",reviewed_fragment,NORTH LAKE,48,DHS_FY2025P12_c/extracted/FY2025P01-P12_070_TAS_Contracts_AccountBreakdownByAward_2026-09-16_H02M56S53_01.csv,286891,286891,[source row](<data/raw/DHS_FY2025P12_c/extracted/FY2025P01-P12_070_TAS_Contracts_AccountBreakdownByAward_2026-09-16_H02M56S53_01.csv:286891>),1,86017444.00,,,,none,false
fac_b04398cf32b55627b451ecfa272aa194,NORTH LAKE CORRECTIONAL FACILITY,CDF,other_type_family,CONT_AWD_70CDCR26FR0000105_7012_70CDCR25D00000009_7012,70CDCR26FR0000105,"THE GEO GROUP, INC.",reviewed_fragment,NORTH LAKE,2,DHS_FY2026P10_c/extracted/FY2026P01-P10_070_TAS_Contracts_AccountBreakdownByAward_2026-09-15_H22M13S36_01.csv,77315,77315,[source row](<data/raw/DHS_FY2026P10_c/extracted/FY2026P01-P10_070_TAS_Contracts_AccountBreakdownByAward_2026-09-15_H22M13S36_01.csv:77315>),1,20825000.00,,,,none,false
fac_c1a4429f035a50b4997d39597e9a9c8e,ADELANTO ICE PROCESSING CENTER,CDF,other_type_family,CONT_AWD_70CDCR26FR0000028_7012_70CDCR20D00000009_7012,70CDCR26FR0000028,"THE GEO GROUP, INC.",full_name,ADELANTO ICE PROCESSING CENTER,26,DHS_FY2026P10_c/extracted/FY2026P01-P10_070_TAS_Contracts_AccountBreakdownByAward_2026-09-15_H22M13S36_01.csv,121230,121230,[source row](<data/raw/DHS_FY2026P10_c/extracted/FY2026P01-P10_070_TAS_Contracts_AccountBreakdownByAward_2026-09-15_H22M13S36_01.csv:121230>),1,91109600.00,,,,none,false
fac_c22c29576bef59ae8338b8e10d09e3e2,TORRANCE COUNTY DETENTION FACILITY,IGSA,state_local_type_family,CONT_AWD_70CDCR26FR0000058_7012_70CDCR26D00000029_7012,70CDCR26FR0000058,"CORECIVIC, INC.",full_name,TORRANCE COUNTY DETENTION FACILITY,6,DHS_FY2026P10_c/extracted/FY2026P01-P10_070_TAS_Contracts_AccountBreakdownByAward_2026-09-15_H22M13S36_01.csv,70937,70937,[source row](<data/raw/DHS_FY2026P10_c/extracted/FY2026P01-P10_070_TAS_Contracts_AccountBreakdownByAward_2026-09-15_H22M13S36_01.csv:70937>),1,9023550.00,,,,none,false
fac_c69513f1707e5984b9f89d701eda82e3,CAMP EAST MONTANA,CDF|DOD,other_type_family,CONT_AWD_70CDCR26C00000016_7012_-NONE-_-NONE-,70CDCR26C00000016,"AMENTUM SERVICES, INC.",full_name,CAMP EAST MONTANA,2,DHS_FY2026P10_c/extracted/FY2026P01-P10_070_TAS_Contracts_AccountBreakdownByAward_2026-09-15_H22M13S36_01.csv,46698,46698,[source row](<data/raw/DHS_FY2026P10_c/extracted/FY2026P01-P10_070_TAS_Contracts_AccountBreakdownByAward_2026-09-15_H22M13S36_01.csv:46698>),1,452855435.04,,6,CAMP EAST MONTANA,accepted,true
fac_c69513f1707e5984b9f89d701eda82e3,CAMP EAST MONTANA,CDF|DOD,other_type_family,CONT_AWD_70CDCR26FR0000001_7012_N0002325D0004_9700,70CDCR26FR0000001,ACQUISITION LOGISTICS LLC,full_name,CAMP EAST MONTANA,9,DHS_FY2026P10_c/extracted/FY2026P01-P10_070_TAS_Contracts_AccountBreakdownByAward_2026-09-15_H22M13S36_01.csv,203112,203112,[source row](<data/raw/DHS_FY2026P10_c/extracted/FY2026P01-P10_070_TAS_Contracts_AccountBreakdownByAward_2026-09-15_H22M13S36_01.csv:203112>),1,598444871.04,,5,CAMP EAST MONTANA,accepted,true
fac_c8a48494852953c5ae143b0bcdd2a79a,ROBERT A DEYTON DETENTION FACILITY,USMS CDF|USMS IGA,other_type_family|state_local_type_family,CONT_AWD_70CDCR23FC0000014_7012_70CDCR18A00000007_7012,70CDCR23FC0000014,"THE GEO GROUP, INC.",full_name,ROBERT A DEYTON DETENTION FACILITY,1,DHS_FY2025P12_c/extracted/FY2025P01-P12_070_TAS_Contracts_AccountBreakdownByAward_2026-09-16_H02M56S53_01.csv,299684,299684,[source row](<data/raw/DHS_FY2025P12_c/extracted/FY2025P01-P12_070_TAS_Contracts_AccountBreakdownByAward_2026-09-16_H02M56S53_01.csv:299684>),1,-2219.44,,,,none,false
fac_c8a48494852953c5ae143b0bcdd2a79a,ROBERT A DEYTON DETENTION FACILITY,USMS CDF|USMS IGA,other_type_family|state_local_type_family,CONT_AWD_70CDCR24FC0000005_7012_70CDCR18A00000007_7012,70CDCR24FC0000005,"THE GEO GROUP, INC.",full_name,ROBERT A DEYTON DETENTION FACILITY,25,DHS_FY2025P12_c/extracted/FY2025P01-P12_070_TAS_Contracts_AccountBreakdownByAward_2026-09-16_H02M56S53_01.csv,169492,169492,[source row](<data/raw/DHS_FY2025P12_c/extracted/FY2025P01-P12_070_TAS_Contracts_AccountBreakdownByAward_2026-09-16_H02M56S53_01.csv:169492>),1,405632.40,,,,none,false
fac_c8a48494852953c5ae143b0bcdd2a79a,ROBERT A DEYTON DETENTION FACILITY,USMS CDF|USMS IGA,other_type_family|state_local_type_family,CONT_AWD_70CDCR25FC0000007_7012_70CDCR18A00000007_7012,70CDCR25FC0000007,"THE GEO GROUP, INC.",full_name,ROBERT A DEYTON DETENTION FACILITY,26,DHS_FY2025P12_c/extracted/FY2025P01-P12_070_TAS_Contracts_AccountBreakdownByAward_2026-09-16_H02M56S53_01.csv,155398,155398,[source row](<data/raw/DHS_FY2025P12_c/extracted/FY2025P01-P12_070_TAS_Contracts_AccountBreakdownByAward_2026-09-16_H02M56S53_01.csv:155398>),1,1896600.00,,,,none,false
fac_c8a48494852953c5ae143b0bcdd2a79a,ROBERT A DEYTON DETENTION FACILITY,USMS CDF|USMS IGA,other_type_family|state_local_type_family,CONT_AWD_70CDCR26FC0000004_7012_70CDCR18A00000007_7012,70CDCR26FC0000004,"THE GEO GROUP, INC.",full_name,ROBERT A DEYTON DETENTION FACILITY,1,DHS_FY2026P10_c/extracted/FY2026P01-P10_070_TAS_Contracts_AccountBreakdownByAward_2026-09-15_H22M13S36_01.csv,73545,73545,[source row](<data/raw/DHS_FY2026P10_c/extracted/FY2026P01-P10_070_TAS_Contracts_AccountBreakdownByAward_2026-09-15_H22M13S36_01.csv:73545>),1,300000.00,,,,none,false
fac_db8ab1001ba3541383b036f773f9af2f,MESA VERDE ICE PROCESSING CENTER,CDF,other_type_family,CONT_AWD_70CDCR24FR0000010_7012_70CDCR20D00000008_7012,70CDCR24FR0000010,"THE GEO GROUP, INC.",reviewed_fragment,MESA VERDE,70,DHS_FY2025P12_c/extracted/FY2025P01-P12_070_TAS_Contracts_AccountBreakdownByAward_2026-09-16_H02M56S53_01.csv,100028,100028,[source row](<data/raw/DHS_FY2025P12_c/extracted/FY2025P01-P12_070_TAS_Contracts_AccountBreakdownByAward_2026-09-16_H02M56S53_01.csv:100028>),2,,-125894.10,,,none,false
fac_db8ab1001ba3541383b036f773f9af2f,MESA VERDE ICE PROCESSING CENTER,CDF,other_type_family,CONT_AWD_70CDCR26FR0000042_7012_70CDCR20D00000008_7012,70CDCR26FR0000042,"THE GEO GROUP, INC.",reviewed_fragment,MESA VERDE,27,DHS_FY2026P10_c/extracted/FY2026P01-P10_070_TAS_Contracts_AccountBreakdownByAward_2026-09-15_H22M13S36_01.csv,57809,57809,[source row](<data/raw/DHS_FY2026P10_c/extracted/FY2026P01-P10_070_TAS_Contracts_AccountBreakdownByAward_2026-09-15_H22M13S36_01.csv:57809>),2,,76447987.22,4,CENTRAL VALLEY ANNEX|GOLDEN STATE ANNEX|MESA VERDE ICE PROCESSING CENTER,proposal,true
fac_db8ab1001ba3541383b036f773f9af2f,MESA VERDE ICE PROCESSING CENTER,CDF,other_type_family,CONT_AWD_70CTD025FC0000017_7012_70CTD023A00000001_7012,70CTD025FC0000017,"FCN, INC.",reviewed_fragment,MESA VERDE,17,DHS_FY2025P12_c/extracted/FY2025P01-P12_070_TAS_Contracts_AccountBreakdownByAward_2026-09-16_H02M56S53_01.csv,205456,205456,[source row](<data/raw/DHS_FY2025P12_c/extracted/FY2025P01-P12_070_TAS_Contracts_AccountBreakdownByAward_2026-09-16_H02M56S53_01.csv:205456>),1,,,,,none,false
fac_e47843e933905919a6ded4591fe520f2,OTAY MESA DETENTION CENTER,CDF,other_type_family,CONT_AWD_70CDCR25FR0000011_7012_70CDCR20D00000007_7012,70CDCR25FR0000011,"CORECIVIC, INC.",reviewed_fragment,OTAY MESA,148,DHS_FY2025P12_c/extracted/FY2025P01-P12_070_TAS_Contracts_AccountBreakdownByAward_2026-09-16_H02M56S53_01.csv,229148,229148,[source row](<data/raw/DHS_FY2025P12_c/extracted/FY2025P01-P12_070_TAS_Contracts_AccountBreakdownByAward_2026-09-16_H02M56S53_01.csv:229148>),1,85516981.65,,1,OTAY MESA DETENTION CENTER,proposal,true
fac_e47843e933905919a6ded4591fe520f2,OTAY MESA DETENTION CENTER,CDF,other_type_family,CONT_AWD_70CDCR26FR0000030_7012_70CDCR20D00000007_7012,70CDCR26FR0000030,"CORECIVIC, INC.",reviewed_fragment,OTAY MESA,59,DHS_FY2026P10_c/extracted/FY2026P01-P10_070_TAS_Contracts_AccountBreakdownByAward_2026-09-15_H22M13S36_01.csv,235170,235170,[source row](<data/raw/DHS_FY2026P10_c/extracted/FY2026P01-P10_070_TAS_Contracts_AccountBreakdownByAward_2026-09-15_H22M13S36_01.csv:235170>),1,60359559.62,,,,none,false
