facility_entity_id,facility_name,award_unique_key,award_id_piid,solely_iga,observed_labels,award_25_4_amount,amount_status,shared_award,matched_phrase,match_tier,source_row_link,award_url
fac_2f4e5d06635352e38d691a7ee2f81ca0,"CCA, FLORENCE CORRECTIONAL CENTER",CONT_AWD_70CDCR24FR0000037_7012_DJJODT9C0001_1501,70CDCR24FR0000037,false,USMS CDF|USMS IGA,10262121.00,numeric,false,FLORENCE CORRECTIONAL,reviewed_fragment,[source row](<data/raw/DHS_FY2025P12_c/extracted/FY2025P01-P12_070_TAS_Contracts_AccountBreakdownByAward_2026-09-16_H02M56S53_01.csv:297848>),https://www.usaspending.gov/award/CONT_AWD_70CDCR24FR0000037_7012_DJJODT9C0001_1501
fac_2f4e5d06635352e38d691a7ee2f81ca0,"CCA, FLORENCE CORRECTIONAL CENTER",CONT_AWD_70CDCR25FR0000041_7012_DJJODT9C0001_1501,70CDCR25FR0000041,false,USMS CDF|USMS IGA,27602800.00,numeric,false,FLORENCE CORRECTIONAL,reviewed_fragment,[source row](<data/raw/DHS_FY2025P12_c/extracted/FY2025P01-P12_070_TAS_Contracts_AccountBreakdownByAward_2026-09-16_H02M56S53_01.csv:273446>),https://www.usaspending.gov/award/CONT_AWD_70CDCR25FR0000041_7012_DJJODT9C0001_1501
fac_2f4e5d06635352e38d691a7ee2f81ca0,"CCA, FLORENCE CORRECTIONAL CENTER",CONT_AWD_70CDCR26FR0000069_7012_DJJODT9C0001_1501,70CDCR26FR0000069,false,USMS CDF|USMS IGA,2600000.00,numeric,false,FLORENCE CORRECTIONAL,reviewed_fragment,[source row](<data/raw/DHS_FY2026P10_c/extracted/FY2026P01-P10_070_TAS_Contracts_AccountBreakdownByAward_2026-09-15_H22M13S36_01.csv:17305>),https://www.usaspending.gov/award/CONT_AWD_70CDCR26FR0000069_7012_DJJODT9C0001_1501
fac_4248bc807b7f536a82964cda4d1807d0,T DON HUTTO DETENTION CENTER,CONT_AWD_70CDCR23FR0000041_7012_70CDCR20D00000013_7012,70CDCR23FR0000041,false,CDF|DIGSA,,blank,false,T DON HUTTO DETENTION CENTER,full_name,[source row](<data/raw/DHS_FY2025P12_c/extracted/FY2025P01-P12_070_TAS_Contracts_AccountBreakdownByAward_2026-09-16_H02M56S53_01.csv:50192>),https://www.usaspending.gov/award/CONT_AWD_70CDCR23FR0000041_7012_70CDCR20D00000013_7012
fac_4248bc807b7f536a82964cda4d1807d0,T DON HUTTO DETENTION CENTER,CONT_AWD_70CDCR24FR0000039_7012_70CDCR20D00000013_7012,70CDCR24FR0000039,false,CDF|DIGSA,9871344.91,numeric,false,T DON HUTTO,reviewed_fragment,[source row](<data/raw/DHS_FY2025P12_c/extracted/FY2025P01-P12_070_TAS_Contracts_AccountBreakdownByAward_2026-09-16_H02M56S53_01.csv:279071>),https://www.usaspending.gov/award/CONT_AWD_70CDCR24FR0000039_7012_70CDCR20D00000013_7012
fac_4248bc807b7f536a82964cda4d1807d0,T DON HUTTO DETENTION CENTER,CONT_AWD_70CDCR25FR0000090_7012_70CDCR20D00000013_7012,70CDCR25FR0000090,false,CDF|DIGSA,25794498.40,numeric,false,T DON HUTTO DETENTION CENTER,full_name,[source row](<data/raw/DHS_FY2025P12_c/extracted/FY2025P01-P12_070_TAS_Contracts_AccountBreakdownByAward_2026-09-16_H02M56S53_01.csv:248438>),https://www.usaspending.gov/award/CONT_AWD_70CDCR25FR0000090_7012_70CDCR20D00000013_7012
fac_634a761f7f915b7da95ecf9a40d37123,CIBOLA COUNTY CORRECTIONAL CENTER,CONT_AWD_70CDCR26FR0000060_7012_70CDCR26D00000029_7012,70CDCR26FR0000060,true,IGSA,8441811.06,numeric,false,CIBOLA COUNTY CORRECTIONAL CENTER,full_name,[source row](<data/raw/DHS_FY2026P10_c/extracted/FY2026P01-P10_070_TAS_Contracts_AccountBreakdownByAward_2026-09-15_H22M13S36_01.csv:159533>),https://www.usaspending.gov/award/CONT_AWD_70CDCR26FR0000060_7012_70CDCR26D00000029_7012
fac_c22c29576bef59ae8338b8e10d09e3e2,TORRANCE COUNTY DETENTION FACILITY,CONT_AWD_70CDCR26FR0000058_7012_70CDCR26D00000029_7012,70CDCR26FR0000058,true,IGSA,9023550.00,numeric,false,TORRANCE COUNTY DETENTION FACILITY,full_name,[source row](<data/raw/DHS_FY2026P10_c/extracted/FY2026P01-P10_070_TAS_Contracts_AccountBreakdownByAward_2026-09-15_H22M13S36_01.csv:70937>),https://www.usaspending.gov/award/CONT_AWD_70CDCR26FR0000058_7012_70CDCR26D00000029_7012
fac_c8a48494852953c5ae143b0bcdd2a79a,ROBERT A DEYTON DETENTION FACILITY,CONT_AWD_70CDCR23FC0000014_7012_70CDCR18A00000007_7012,70CDCR23FC0000014,false,USMS CDF|USMS IGA,-2219.44,numeric,false,ROBERT A DEYTON DETENTION FACILITY,full_name,[source row](<data/raw/DHS_FY2025P12_c/extracted/FY2025P01-P12_070_TAS_Contracts_AccountBreakdownByAward_2026-09-16_H02M56S53_01.csv:299684>),https://www.usaspending.gov/award/CONT_AWD_70CDCR23FC0000014_7012_70CDCR18A00000007_7012
fac_c8a48494852953c5ae143b0bcdd2a79a,ROBERT A DEYTON DETENTION FACILITY,CONT_AWD_70CDCR24FC0000005_7012_70CDCR18A00000007_7012,70CDCR24FC0000005,false,USMS CDF|USMS IGA,405632.40,numeric,false,ROBERT A DEYTON DETENTION FACILITY,full_name,[source row](<data/raw/DHS_FY2025P12_c/extracted/FY2025P01-P12_070_TAS_Contracts_AccountBreakdownByAward_2026-09-16_H02M56S53_01.csv:169492>),https://www.usaspending.gov/award/CONT_AWD_70CDCR24FC0000005_7012_70CDCR18A00000007_7012
fac_c8a48494852953c5ae143b0bcdd2a79a,ROBERT A DEYTON DETENTION FACILITY,CONT_AWD_70CDCR25FC0000007_7012_70CDCR18A00000007_7012,70CDCR25FC0000007,false,USMS CDF|USMS IGA,1896600.00,numeric,false,ROBERT A DEYTON DETENTION FACILITY,full_name,[source row](<data/raw/DHS_FY2025P12_c/extracted/FY2025P01-P12_070_TAS_Contracts_AccountBreakdownByAward_2026-09-16_H02M56S53_01.csv:155398>),https://www.usaspending.gov/award/CONT_AWD_70CDCR25FC0000007_7012_70CDCR18A00000007_7012
fac_c8a48494852953c5ae143b0bcdd2a79a,ROBERT A DEYTON DETENTION FACILITY,CONT_AWD_70CDCR26FC0000004_7012_70CDCR18A00000007_7012,70CDCR26FC0000004,false,USMS CDF|USMS IGA,300000.00,numeric,false,ROBERT A DEYTON DETENTION FACILITY,full_name,[source row](<data/raw/DHS_FY2026P10_c/extracted/FY2026P01-P10_070_TAS_Contracts_AccountBreakdownByAward_2026-09-15_H22M13S36_01.csv:73545>),https://www.usaspending.gov/award/CONT_AWD_70CDCR26FC0000004_7012_70CDCR18A00000007_7012
