fragment,facility_entity_id,target_display_name,type_families,matched_source_rows,potential_new_source_rows,example_description,example_source_row_link,example_award_url,decision,reviewer,review_date,notes
AT FORT,fac_c69513f1707e5984b9f89d701eda82e3,CAMP EAST MONTANA,other_type_family,857,857,"THE AWARD PROVIDES SPECIALIZED LAW ENFORCEMENT TACTICAL TEAM LEADER AND MISSION PLANNING COURSE FOR THE ICE- OFFICE OF FIREARMS AND TACTICAL PROGRAMS AT FORT BENNING, GA.",[source row](<data/raw/DHS_FY2025P12_c/extracted/FY2025P01-P12_070_TAS_Contracts_AccountBreakdownByAward_2026-09-16_H02M56S53_01.csv:145>),https://www.usaspending.gov/award/CONT_AWD_70CMSW25P00000034_7012_-NONE-_-NONE-,reject,Kevin McNellis,9/26/26,This is not for detention or linked to a facility.
SAN DIEGO,fac_3df3a6344da15cc2b61947f842e62b21,SAN DIEGO DISTRICT STAGING,other_type_family,694,694,THIS AWARD PROVIDES ACCESS TO THE AUTOMATED REGIONAL JUSTICE INFORMATION SYSTEM FOR THE HOMELAND SECURITY INVESTIGATIONS SAN DIEGO OFFICE TO GATHER INFORMATION FOR CRIMINAL INVESTIGATIONS.,[source row](<data/raw/DHS_FY2025P12_c/extracted/FY2025P01-P12_070_TAS_Contracts_AccountBreakdownByAward_2026-09-16_H02M56S53_01.csv:1998>),https://www.usaspending.gov/award/CONT_AWD_70CMSD25P00000044_7012_-NONE-_-NONE-,reject,Kevin McNellis,9/26/26,This is not for detention or linked to a facility.
PORT ISABEL,fac_adfbf7374f71509ea73aa2889e7fb08c,PORT ISABEL SPC,other_type_family,624,445,THIS CONTRACT PROVIDES AMERICAN CORRECTIONAL ASSOCIATION (ACA) RE-ACCREDITATION SUPPORT AT THE PORT ISABEL DETENTION CENTER.,[source row](<data/raw/DHS_FY2025P12_c/extracted/FY2025P01-P12_070_TAS_Contracts_AccountBreakdownByAward_2026-09-16_H02M56S53_01.csv:20604>),https://www.usaspending.gov/award/CONT_AWD_70CDCR25P00000014_7012_-NONE-_-NONE-,approve,Kevin McNellis,9/26/26,Retain facility-specific descriptions; exclude only award 70CMSW25FR0000077 because it names Port Isabel TX without identifying the detention center.
OTAY MESA,fac_e47843e933905919a6ded4591fe520f2,OTAY MESA DETENTION CENTER,other_type_family,207,207,DETENTION SERVICES FOR SAN DIEGO AOR AT OTAY MESA,[source row](<data/raw/DHS_FY2025P12_c/extracted/FY2025P01-P12_070_TAS_Contracts_AccountBreakdownByAward_2026-09-16_H02M56S53_01.csv:229148>),https://www.usaspending.gov/award/CONT_AWD_70CDCR25FR0000011_7012_70CDCR20D00000007_7012,approve,Kevin McNellis,9/26/26,This is sufficient match.
KANSAS CITY,fac_8e0e99a4e157524c8e0cf6f15f371231,KANSAS CITY HOLDROOM,other_type_family,122,122,THE PURPOSE OF THIS AWARD IS TO PURCHASE ONE (1) BEARCAT ARMORED TACTICAL VEHICLE FOR SPECIAL RESPONSE TEAM KANSAS CITY,[source row](<data/raw/DHS_FY2025P12_c/extracted/FY2025P01-P12_070_TAS_Contracts_AccountBreakdownByAward_2026-09-16_H02M56S53_01.csv:49956>),https://www.usaspending.gov/award/CONT_AWD_70CMSD25FR0000160_7012_GS07F169DA_4732,reject,Kevin McNellis,9/26/26,This not for detention or linked to facility
MESA VERDE,fac_db8ab1001ba3541383b036f773f9af2f,MESA VERDE ICE PROCESSING CENTER,other_type_family,114,114,NEW TASK ORDER FOR DETENTION SERVICES AT MESA VERDE AND GOLDEN STATE FACILITIES. TASK ORDER POP: 12/20/23 - 12/19/24,[source row](<data/raw/DHS_FY2025P12_c/extracted/FY2025P01-P12_070_TAS_Contracts_AccountBreakdownByAward_2026-09-16_H02M56S53_01.csv:100028>),https://www.usaspending.gov/award/CONT_AWD_70CDCR24FR0000010_7012_70CDCR20D00000008_7012,approve,Kevin McNellis,9/26/26,This is sufficient match.
DELANEY HALL,fac_4f822bee451c5911a5f7646071a3b8c2,DELANEY HALL DETENTION FACILITY,other_type_family,105,102,"THE PURPOSE OF THIS BPA CALL AWARD IS TO PURCHASE IT EQUIPMENT THAT INCLUDES LAPTOPS, WEBCAMS, PRINTERS AND SCANNERS TO BE ABLE TO PROCESS WORKSTATIONS FOR DELANEY HALL IN NEWARK, NEW JERSEY.",[source row](<data/raw/DHS_FY2025P12_c/extracted/FY2025P01-P12_070_TAS_Contracts_AccountBreakdownByAward_2026-09-16_H02M56S53_01.csv:41402>),https://www.usaspending.gov/award/CONT_AWD_70CTD025FC0000016_7012_70CTD023A00000001_7012,approve,Kevin McNellis,9/26/26,This is sufficient match.
SALT LAKE,fac_54ed0d209eb2532b87ed8dd9dbe85fd7,SALT LAKE COUNTY METRO JAIL,state_local_type_family,100,100,"NEW TASK ORDER FOR ICE/ERO SALT LAKE CITY FIELD OFFICE, OGDEN, PROVO, AND ST. GEORGE SUB-OFFICES WITH RADIO PROGRAMING AND MONTHLY RADIO SERVICE VIA THE 800MHZ PUBLIC RADIO SYSTEM.",[source row](<data/raw/DHS_FY2025P12_c/extracted/FY2025P01-P12_070_TAS_Contracts_AccountBreakdownByAward_2026-09-16_H02M56S53_01.csv:95329>),https://www.usaspending.gov/award/CONT_AWD_70CDCR25P00000016_7012_-NONE-_-NONE-,reject,Kevin McNellis,9/26/26,This not for detention or linked to facility
GOLDEN STATE,fac_4357df2c2db55bdead9c08f8f2790e3d,GOLDEN STATE ANNEX,other_type_family,97,97,NEW TASK ORDER FOR DETENTION SERVICES AT MESA VERDE AND GOLDEN STATE FACILITIES. TASK ORDER POP: 12/20/23 - 12/19/24,[source row](<data/raw/DHS_FY2025P12_c/extracted/FY2025P01-P12_070_TAS_Contracts_AccountBreakdownByAward_2026-09-16_H02M56S53_01.csv:100028>),https://www.usaspending.gov/award/CONT_AWD_70CDCR24FR0000010_7012_70CDCR20D00000008_7012,approve,Kevin McNellis,9/26/26,This is sufficient match.
SOUTH TEXAS,fac_1b2baa65c79651129ca5a5c764ebecb2,SOUTH TEXAS ICE PROCESSING CENTER,other_type_family,188,95,THIS TASK ORDER PROVIDES DETENTION AND TRANSPORTATION SERVICES AT THE SOUTH TEXAS ICE IMMIGRATION PROCESSING CENTER (STIPC).,[source row](<data/raw/DHS_FY2025P12_c/extracted/FY2025P01-P12_070_TAS_Contracts_AccountBreakdownByAward_2026-09-16_H02M56S53_01.csv:64445>),https://www.usaspending.gov/award/CONT_AWD_70CDCR25FR0000091_7012_70CDCR20D00000012_7012,reject,Kevin McNellis,9/26/26,Broad phrase also matches a South Texas Area of Responsibility guard-services award without naming the facility; SOUTH TEXAS ICE retains the facility-specific match.
SOUTH TEXAS ICE,fac_1b2baa65c79651129ca5a5c764ebecb2,SOUTH TEXAS ICE PROCESSING CENTER,other_type_family,171,78,THIS TASK ORDER PROVIDES DETENTION AND TRANSPORTATION SERVICES AT THE SOUTH TEXAS ICE IMMIGRATION PROCESSING CENTER (STIPC).,[source row](<data/raw/DHS_FY2025P12_c/extracted/FY2025P01-P12_070_TAS_Contracts_AccountBreakdownByAward_2026-09-16_H02M56S53_01.csv:64445>),https://www.usaspending.gov/award/CONT_AWD_70CDCR25FR0000091_7012_70CDCR20D00000012_7012,approve,Kevin McNellis,9/26/26,This is sufficient match.
TEXAS ICE,fac_1b2baa65c79651129ca5a5c764ebecb2,SOUTH TEXAS ICE PROCESSING CENTER,other_type_family,171,78,THIS TASK ORDER PROVIDES DETENTION AND TRANSPORTATION SERVICES AT THE SOUTH TEXAS ICE IMMIGRATION PROCESSING CENTER (STIPC).,[source row](<data/raw/DHS_FY2025P12_c/extracted/FY2025P01-P12_070_TAS_Contracts_AccountBreakdownByAward_2026-09-16_H02M56S53_01.csv:64445>),https://www.usaspending.gov/award/CONT_AWD_70CDCR25FR0000091_7012_70CDCR20D00000012_7012,approve,Kevin McNellis,9/26/26,This is sufficient match.
CALIFORNIA CITY,fac_5622b45d559c556d847a9098d4705c78,CALIFORNIA CITY IMMIGRATION PROCESSING CENTER,other_type_family,69,69,"THE PURPOSE OF THIS TASK ORDER IS FOR COMPREHENSIVE DETENTION AND TRANSPORTATION SERVICES FOR HOUSING CRIMINAL ALIENS AT CALIFORNIA CITY DETENTION CENTER IN CALIFORNIA CITY, CA.",[source row](<data/raw/DHS_FY2025P12_c/extracted/FY2025P01-P12_070_TAS_Contracts_AccountBreakdownByAward_2026-09-16_H02M56S53_01.csv:243968>),https://www.usaspending.gov/award/CONT_AWD_70CDCR25FR0000122_7012_70CDCR25D00000010_7012,approve,Kevin McNellis,9/26/26,Retain facility-specific descriptions; exclude only award 70CTD025FC0000023 because it names an ERO city site without identifying the detention facility.
DESERT VIEW,fac_402cc3f99758504c94a7d245766fbd61,DESERT VIEW ANNEX,other_type_family,78,66,DETENTION SERVICES DESERT VIEW (DV) ANNEX IN THE LOS ANGELES AREA OF RESPONSIBILITY,[source row](<data/raw/DHS_FY2025P12_c/extracted/FY2025P01-P12_070_TAS_Contracts_AccountBreakdownByAward_2026-09-16_H02M56S53_01.csv:51048>),https://www.usaspending.gov/award/CONT_AWD_70CDCR25FR0000010_7012_70CDCR20D00000009_7012,approve,Kevin McNellis,9/26/26,This is sufficient match.
CORRECTIONAL COMPLEX,fac_0c9498d3571255fe838227b675748b97,ANCHORAGE CORRECTIONAL COMPLEX,state_local_type_family,57,57,THIS AGREEMENT PROVIDES DETENTION SERVICES FOR ALIENS HOUSED AT THE CENTRAL ARIZONA FLORENCE CORRECTIONAL COMPLEX. THIS IS A NEW TASK ORDER TO OBLIGATE FUNDS TO SUPPORT THOSE SERVICES AT THE COMPLEX.,[source row](<data/raw/DHS_FY2025P12_c/extracted/FY2025P01-P12_070_TAS_Contracts_AccountBreakdownByAward_2026-09-16_H02M56S53_01.csv:273446>),https://www.usaspending.gov/award/CONT_AWD_70CDCR25FR0000041_7012_DJJODT9C0001_1501,reject,Kevin McNellis,9/26/26,Award description names Central Arizona Florence Correctional Complex; this fragment would falsely link it to Anchorage.
FLORENCE CORRECTIONAL,fac_2f4e5d06635352e38d691a7ee2f81ca0,"CCA, FLORENCE CORRECTIONAL CENTER",other_type_family|state_local_type_family,57,57,THIS AGREEMENT PROVIDES DETENTION SERVICES FOR ALIENS HOUSED AT THE CENTRAL ARIZONA FLORENCE CORRECTIONAL COMPLEX. THIS IS A NEW TASK ORDER TO OBLIGATE FUNDS TO SUPPORT THOSE SERVICES AT THE COMPLEX.,[source row](<data/raw/DHS_FY2025P12_c/extracted/FY2025P01-P12_070_TAS_Contracts_AccountBreakdownByAward_2026-09-16_H02M56S53_01.csv:273446>),https://www.usaspending.gov/award/CONT_AWD_70CDCR25FR0000041_7012_DJJODT9C0001_1501,approve,Kevin McNellis,9/26/26,This is sufficient match.
NORTH LAKE,fac_b04398cf32b55627b451ecfa272aa194,NORTH LAKE CORRECTIONAL FACILITY,other_type_family,64,50,THE PURPOSE OF THIS TASK ORDER IS FOR COMPREHENSIVE DETENTION AND TRANSPORATION SERVICES FOR HOUSING CRIMINAL ALIENS AT NORTH LAKE DETENTION CENTER IN BALDWIN MI.,[source row](<data/raw/DHS_FY2025P12_c/extracted/FY2025P01-P12_070_TAS_Contracts_AccountBreakdownByAward_2026-09-16_H02M56S53_01.csv:286891>),https://www.usaspending.gov/award/CONT_AWD_70CDCR25FR0000096_7012_70CDCR25D00000009_7012,approve,Kevin McNellis,9/26/26,This is sufficient match.
S OFFICE,fac_3c9863c627735e6f9e48e0cf03a6eb68,OZARK COUNTY SHERIFF'S OFFICE,state_local_type_family,49,49,TASK ORDER FOR EXECUTIVE ASSISTANT DIRECTOR'S OFFICE,[source row](<data/raw/DHS_FY2025P12_c/extracted/FY2025P01-P12_070_TAS_Contracts_AccountBreakdownByAward_2026-09-16_H02M56S53_01.csv:122921>),https://www.usaspending.gov/award/CONT_AWD_70CMSD24FR0000131_7012_70CMSD23D00000002_7012,reject,Kevin McNellis,9/26/26,This not for detention or linked to facility
FORT BLISS,fac_c69513f1707e5984b9f89d701eda82e3,CAMP EAST MONTANA,other_type_family,33,33,"THE EL PASO ERO HAS A NEED FOR 300 ICE PERSONNEL PER QUARTER TO CONDUCT MANDATED FIREARMS, DEFENSIVE TACTICS, AND CORRESPONDING POLICY REVIEW TRAINING AT THE FORT BLISS ROD AND GUN CLUB, FIRING RANGE.",[source row](<data/raw/DHS_FY2025P12_c/extracted/FY2025P01-P12_070_TAS_Contracts_AccountBreakdownByAward_2026-09-16_H02M56S53_01.csv:168043>),https://www.usaspending.gov/award/CONT_AWD_70CDCR23P00000010_7012_-NONE-_-NONE-,reject,Kevin McNellis,9/26/26,This not for detention or linked to facility
BROWARD COUNTY,fac_09ed177653c65cf682d8120d755330ec,BROWARD COUNTY JAIL,state_local_type_family,32,32,"BROWARD COUNTY, FL DETENTION AND TRANSPORTATION SERVICES",[source row](<data/raw/DHS_FY2025P12_c/extracted/FY2025P01-P12_070_TAS_Contracts_AccountBreakdownByAward_2026-09-16_H02M56S53_01.csv:63073>),https://www.usaspending.gov/award/CONT_AWD_70CDCR23FR0000048_7012_70CDCR21D00000004_7012,reject,Kevin McNellis,9/26/26,"Does not have full name and multilple faciliites contain the string ""Broward"""
MAIN A,fac_c7e951f792b85f4aa9c8826c5ce2e662,MIGRANT OPS CENTER MAIN A,other_type_family,24,24,"USVI DESIGN AND BUILD PROJECTS - REPLACEMENT OF EXISTING MAIN A/C UNIT, ST. THOMAS AND NEW BACKUP GENERATOR, ST. CROIX",[source row](<data/raw/DHS_FY2025P12_c/extracted/FY2025P01-P12_070_TAS_Contracts_AccountBreakdownByAward_2026-09-16_H02M56S53_01.csv:16636>),https://www.usaspending.gov/award/CONT_AWD_70CMSW24C00000033_7012_-NONE-_-NONE-,reject,Kevin McNellis,9/26/26,This not for detention or linked to facility
CALIFORNIA CITY CORRECTIONAL,fac_5622b45d559c556d847a9098d4705c78,CALIFORNIA CITY IMMIGRATION PROCESSING CENTER,other_type_family,21,21,THE PURPOSE OF THIS TASK ORDER IS TO ESTABLISH A DETENTION FACILITY WITHIN THE CALIFORNIA CITY CORRECTIONAL FACILITY IN SUPPORT OF THE PRESIDENT'S DECLARATION OF A NATIONAL EMERGENCY AT THE SOUTHERN BORDER.,[source row](<data/raw/DHS_FY2025P12_c/extracted/FY2025P01-P12_070_TAS_Contracts_AccountBreakdownByAward_2026-09-16_H02M56S53_01.csv:292591>),https://www.usaspending.gov/award/CONT_AWD_70CDCR25FR0000039_7012_70CDCR25D00000010_7012,approve,Kevin McNellis,9/26/26,This is sufficient match.
CITY CORRECTIONAL,fac_5622b45d559c556d847a9098d4705c78,CALIFORNIA CITY IMMIGRATION PROCESSING CENTER,other_type_family,21,21,THE PURPOSE OF THIS TASK ORDER IS TO ESTABLISH A DETENTION FACILITY WITHIN THE CALIFORNIA CITY CORRECTIONAL FACILITY IN SUPPORT OF THE PRESIDENT'S DECLARATION OF A NATIONAL EMERGENCY AT THE SOUTHERN BORDER.,[source row](<data/raw/DHS_FY2025P12_c/extracted/FY2025P01-P12_070_TAS_Contracts_AccountBreakdownByAward_2026-09-16_H02M56S53_01.csv:292591>),https://www.usaspending.gov/award/CONT_AWD_70CDCR25FR0000039_7012_70CDCR25D00000010_7012,approve,Kevin McNellis,9/26/26,This is sufficient match.
NORTHWEST ICE,fac_05379451b2a354a9a781c7c96896cc92,NORTHWEST ICE PROCESSING CENTER,other_type_family,10,10,"TASK ORDER FOR DETENTION AND TRANSPORTATION SERVICES AT A NORTHWEST ICE DETENTION CENTER, TACOMA, WA IN SUPPORT OF SEATTLE AREA OF RESPONSIBILITY.",[source row](<data/raw/DHS_FY2026P10_c/extracted/FY2026P01-P10_070_TAS_Contracts_AccountBreakdownByAward_2026-09-15_H22M13S36_01.csv:1331>),https://www.usaspending.gov/award/CONT_AWD_70CDCR26FR0000055_7012_70CDCR26D00000026_7012,approve,Kevin McNellis,9/26/26,This is sufficient match.
T DON HUTTO,fac_4248bc807b7f536a82964cda4d1807d0,T DON HUTTO DETENTION CENTER,other_type_family|state_local_type_family,,,T. DON HUTTO FY24 TASK ORDER,[source row](<data/raw/DHS_FY2025P12_c/extracted/FY2025P01-P12_070_TAS_Contracts_AccountBreakdownByAward_2026-09-16_H02M56S53_01.csv:279071>),https://www.usaspending.gov/award/CONT_AWD_70CDCR24FR0000039_7012_70CDCR20D00000013_7012,accept,Kevin McNellis,2026-09-26,"Approved partial name; matches award 70CDCR24FR0000039. Existing legacy search lead, not an identity alias."
