review_id,case_id,award_key,piid,parent_award_id,awarding_agency_id,fiscal_year,submission_period,period_start,period_end,source_numeric_amount,source_row_count,numeric_amount_rows,blank_amount_rows,proposal_status,direct_contract_flag,reason,evidence_ids,case_notes,proposed_cdf_spc,proposed_igsa_facility,proposed_other_facility,proposed_unresolved,proposal_hash,review_decision,review_notes,reviewer,reviewed_at
AWARD:3dd4aa67bb63fd2d9085ea92,1,CONT_AWD_70CDCR25FR0000011_7012_70CDCR20D00000007_7012,70CDCR25FR0000011,70CDCR20D00000007,7012,2025,FY2025P06,2025-03-01,2025-03-31,28832886.85,2,1,1,supported,true,stable_bracketed_group,C1-E1|C1-E2|C1-E3|C1-E4|C1-E5|C1-E6,Seven archived child-order actions all name Otay Mesa and dedicated facility services. Propose all numeric in-scope rows where DDP period coverage passes. Original child PDF not found locally; archived official actions meet the approved evidence rule. D1 action amounts are not used.,28832886.85,0.00,0.00,0.00,c17d2b6037c78e321efeb9e2bf839adad1f9fa6e98a76295f37f871be52d6ede,,,,
AWARD:ba47d930cd053dcba5557ee4,1,CONT_AWD_70CDCR25FR0000011_7012_70CDCR20D00000007_7012,70CDCR25FR0000011,70CDCR20D00000007,7012,2025,FY2025P07,2025-04-01,2025-04-30,4798112.55,2,1,1,supported,true,stable_bracketed_group,C1-E1|C1-E2|C1-E3|C1-E4|C1-E5|C1-E6,Seven archived child-order actions all name Otay Mesa and dedicated facility services. Propose all numeric in-scope rows where DDP period coverage passes. Original child PDF not found locally; archived official actions meet the approved evidence rule. D1 action amounts are not used.,4798112.55,0.00,0.00,0.00,795a96e345e200ad0137b7452e63eda0e5f540c4b36c8b6c775d2dfd1e390272,,,,
AWARD:bf331cbea940211db5ff6474,1,CONT_AWD_70CDCR25FR0000011_7012_70CDCR20D00000007_7012,70CDCR25FR0000011,70CDCR20D00000007,7012,2025,FY2025P08,2025-05-01,2025-05-31,,1,0,1,unresolved,true,no_numeric_amount; stable_bracketed_group,C1-E1|C1-E2|C1-E3|C1-E4|C1-E5|C1-E6,Seven archived child-order actions all name Otay Mesa and dedicated facility services. Propose all numeric in-scope rows where DDP period coverage passes. Original child PDF not found locally; archived official actions meet the approved evidence rule. D1 action amounts are not used.,,,,,b025de0af60ddfae3b30a7451b48968b824b448ad81e5a19e84b75f8d39c8512,,,,
AWARD:549c996d3cc2ce57bdb03eb1,1,CONT_AWD_70CDCR25FR0000011_7012_70CDCR20D00000007_7012,70CDCR25FR0000011,70CDCR20D00000007,7012,2025,FY2025P09,2025-06-01,2025-06-30,,1,0,1,unresolved,true,no_numeric_amount; stable_bracketed_group,C1-E1|C1-E2|C1-E3|C1-E4|C1-E5|C1-E6,Seven archived child-order actions all name Otay Mesa and dedicated facility services. Propose all numeric in-scope rows where DDP period coverage passes. Original child PDF not found locally; archived official actions meet the approved evidence rule. D1 action amounts are not used.,,,,,555f2271a10657763ed67401994e6a5b8e048de8ca216612625f0f7183c9ef7b,,,,
AWARD:076ed4490ed70d77085e877e,1,CONT_AWD_70CDCR25FR0000011_7012_70CDCR20D00000007_7012,70CDCR25FR0000011,70CDCR20D00000007,7012,2025,FY2025P10,2025-07-01,2025-07-31,27637406.90,2,1,1,supported,true,stable_bracketed_group,C1-E1|C1-E2|C1-E3|C1-E4|C1-E5|C1-E6,Seven archived child-order actions all name Otay Mesa and dedicated facility services. Propose all numeric in-scope rows where DDP period coverage passes. Original child PDF not found locally; archived official actions meet the approved evidence rule. D1 action amounts are not used.,27637406.90,0.00,0.00,0.00,b86a17e21877c9bee0fe6bd237aa2a4bd9738fdc9077d3ca2bd6a046ea40d021,,,,
AWARD:72a69c069a2d125cacde8708,1,CONT_AWD_70CDCR25FR0000011_7012_70CDCR20D00000007_7012,70CDCR25FR0000011,70CDCR20D00000007,7012,2025,FY2025P11,2025-08-01,2025-08-31,,1,0,1,unresolved,true,no_numeric_amount; stable_bracketed_group,C1-E1|C1-E2|C1-E3|C1-E4|C1-E5|C1-E6,Seven archived child-order actions all name Otay Mesa and dedicated facility services. Propose all numeric in-scope rows where DDP period coverage passes. Original child PDF not found locally; archived official actions meet the approved evidence rule. D1 action amounts are not used.,,,,,47e13033da72152c23decd01914e83d575eeabc92b9033c88827eb091b53a316,,,,
AWARD:8233ba4a8a4f8e3731d57760,1,CONT_AWD_70CDCR25FR0000011_7012_70CDCR20D00000007_7012,70CDCR25FR0000011,70CDCR20D00000007,7012,2025,FY2025P12,2025-09-01,2025-09-30,16000454.50,2,1,1,supported,true,stable_bracketed_group,C1-E1|C1-E2|C1-E3|C1-E4|C1-E5|C1-E6,Seven archived child-order actions all name Otay Mesa and dedicated facility services. Propose all numeric in-scope rows where DDP period coverage passes. Original child PDF not found locally; archived official actions meet the approved evidence rule. D1 action amounts are not used.,16000454.50,0.00,0.00,0.00,b8bb911a3f6c6c1c39e8cb10aec0f90cf0e331b6d0eb61325031443b97d550f0,,,,
AWARD:ad913b27bab1fb6fc47a3dca,1,CONT_AWD_70CDCR25FR0000011_7012_70CDCR20D00000007_7012,70CDCR25FR0000011,70CDCR20D00000007,7012,2026,FY2026P02,2025-10-01,2025-11-30,,2,0,2,unresolved,true,no_numeric_amount; stable_bracketed_group,C1-E1|C1-E2|C1-E3|C1-E4|C1-E5|C1-E6,Seven archived child-order actions all name Otay Mesa and dedicated facility services. Propose all numeric in-scope rows where DDP period coverage passes. Original child PDF not found locally; archived official actions meet the approved evidence rule. D1 action amounts are not used.,,,,,a21fa55ffa7acbc304958c18630f0fbfc63feae00d5061e370dc2ae031e9e83c,,,,
AWARD:ff2618be07c06abc03f15d42,1,CONT_AWD_70CDCR25FR0000011_7012_70CDCR20D00000007_7012,70CDCR25FR0000011,70CDCR20D00000007,7012,2026,FY2026P03,2025-12-01,2025-12-31,,2,0,2,unresolved,true,no_numeric_amount; stable_bracketed_group,C1-E1|C1-E2|C1-E3|C1-E4|C1-E5|C1-E6,Seven archived child-order actions all name Otay Mesa and dedicated facility services. Propose all numeric in-scope rows where DDP period coverage passes. Original child PDF not found locally; archived official actions meet the approved evidence rule. D1 action amounts are not used.,,,,,27947d144428881226babce401eae06e57d397319abc9fd7bb826a50f7bf83df,,,,
AWARD:7dfe375606a9ea7369e68c90,1,CONT_AWD_70CDCR25FR0000011_7012_70CDCR20D00000007_7012,70CDCR25FR0000011,70CDCR20D00000007,7012,2026,FY2026P04,2026-01-01,2026-01-31,8248120.85,3,1,2,supported,true,stable_bracketed_group,C1-E1|C1-E2|C1-E3|C1-E4|C1-E5|C1-E6,Seven archived child-order actions all name Otay Mesa and dedicated facility services. Propose all numeric in-scope rows where DDP period coverage passes. Original child PDF not found locally; archived official actions meet the approved evidence rule. D1 action amounts are not used.,8248120.85,0.00,0.00,0.00,2f0ee933ce50b782dbd730f8b587c04d84618eed56fa31fb5d7a71fe57c61cf9,,,,
AWARD:874994a3304fde4912e2ad94,1,CONT_AWD_70CDCR25FR0000011_7012_70CDCR20D00000007_7012,70CDCR25FR0000011,70CDCR20D00000007,7012,2026,FY2026P05,2026-02-01,2026-02-28,,3,0,3,unresolved,true,no_numeric_amount; stable_bracketed_group,C1-E1|C1-E2|C1-E3|C1-E4|C1-E5|C1-E6,Seven archived child-order actions all name Otay Mesa and dedicated facility services. Propose all numeric in-scope rows where DDP period coverage passes. Original child PDF not found locally; archived official actions meet the approved evidence rule. D1 action amounts are not used.,,,,,44de1fc7b64d5b0cb734e6e766b748918497551699566f4d6db1ebab090ba739,,,,
AWARD:cd508c255ca16bc2d0554c65,1,CONT_AWD_70CDCR25FR0000011_7012_70CDCR20D00000007_7012,70CDCR25FR0000011,70CDCR20D00000007,7012,2026,FY2026P06,2026-03-01,2026-03-31,,3,0,3,unresolved,true,no_numeric_amount; stable_bracketed_group,C1-E1|C1-E2|C1-E3|C1-E4|C1-E5|C1-E6,Seven archived child-order actions all name Otay Mesa and dedicated facility services. Propose all numeric in-scope rows where DDP period coverage passes. Original child PDF not found locally; archived official actions meet the approved evidence rule. D1 action amounts are not used.,,,,,4a04982993f7e2300b52337fe6e339fad778e673811b0b1d65371f0536cdf665,,,,
AWARD:3945917287e28cffece89278,1,CONT_AWD_70CDCR25FR0000011_7012_70CDCR20D00000007_7012,70CDCR25FR0000011,70CDCR20D00000007,7012,2026,FY2026P07,2026-04-01,2026-04-30,,3,0,3,unresolved,true,no_numeric_amount; stable_bracketed_group,C1-E1|C1-E2|C1-E3|C1-E4|C1-E5|C1-E6,Seven archived child-order actions all name Otay Mesa and dedicated facility services. Propose all numeric in-scope rows where DDP period coverage passes. Original child PDF not found locally; archived official actions meet the approved evidence rule. D1 action amounts are not used.,,,,,c48ccdbdc65efb552faacdac27a758c85aef49fe271f4e8f61cafe4786d731b1,,,,
AWARD:af43b341d540f42289301583,1,CONT_AWD_70CDCR25FR0000011_7012_70CDCR20D00000007_7012,70CDCR25FR0000011,70CDCR20D00000007,7012,2026,FY2026P08,2026-05-01,2026-05-31,,3,0,3,unresolved,true,no_numeric_amount; stable_bracketed_group,C1-E1|C1-E2|C1-E3|C1-E4|C1-E5|C1-E6,Seven archived child-order actions all name Otay Mesa and dedicated facility services. Propose all numeric in-scope rows where DDP period coverage passes. Original child PDF not found locally; archived official actions meet the approved evidence rule. D1 action amounts are not used.,,,,,2998ec8616edc9e3a07cb1a9b6f0853b9d6ba6912e86ded610ee4de66b40e31d,,,,
AWARD:ec78e4143eba3aeddfcb233f,1,CONT_AWD_70CDCR25FR0000011_7012_70CDCR20D00000007_7012,70CDCR25FR0000011,70CDCR20D00000007,7012,2026,FY2026P09,2026-06-01,2026-06-30,,3,0,3,unresolved,true,no_numeric_amount; stable_bracketed_group,C1-E1|C1-E2|C1-E3|C1-E4|C1-E5|C1-E6,Seven archived child-order actions all name Otay Mesa and dedicated facility services. Propose all numeric in-scope rows where DDP period coverage passes. Original child PDF not found locally; archived official actions meet the approved evidence rule. D1 action amounts are not used.,,,,,86339541863d0e7ffac58111616c5d983125b6651391adf6b169aeb4c02627c9,,,,
AWARD:0147dbf5f669619575f0a608,1,CONT_AWD_70CDCR25FR0000011_7012_70CDCR20D00000007_7012,70CDCR25FR0000011,70CDCR20D00000007,7012,2026,FY2026P10,2026-07-01,2026-07-31,,3,0,3,unresolved,true,insufficient_ddp_period_coverage; no_numeric_amount,C1-E1|C1-E2|C1-E3|C1-E4|C1-E5|C1-E6,Seven archived child-order actions all name Otay Mesa and dedicated facility services. Propose all numeric in-scope rows where DDP period coverage passes. Original child PDF not found locally; archived official actions meet the approved evidence rule. D1 action amounts are not used.,,,,,86b8f739a42554db60b217a44adc29e256d964671abe39c24b50b3c4de967b65,,,,
AWARD:cc4797d0e904fb3b5d65cac4,2,CONT_AWD_70CDCR24FR0000057_7012_70CDCR24D00000009_7012,70CDCR24FR0000057,70CDCR24D00000009,7012,2025,FY2025P06,2025-03-01,2025-03-31,5893500.00,2,1,1,unresolved,unknown,facility_link_or_scope_evidence_incomplete; stable_bracketed_group,C2-E1|C2-E2,"Krome SPC is explicit in File C award metadata, but the dated child-order/action dossier is incomplete. Parent modifications do not establish full child scope. Obtain the dated child award/action record before assigning money.",0.00,0.00,0.00,5893500.00,9ad8134f7e6eb813eeb135f0455ac9ecfc8745126ec78d1e9478e7513067492c,,,,
AWARD:50f69b042188205196dce790,2,CONT_AWD_70CDCR24FR0000057_7012_70CDCR24D00000009_7012,70CDCR24FR0000057,70CDCR24D00000009,7012,2025,FY2025P07,2025-04-01,2025-04-30,17187015.00,2,1,1,unresolved,unknown,facility_link_or_scope_evidence_incomplete; stable_bracketed_group,C2-E1|C2-E2,"Krome SPC is explicit in File C award metadata, but the dated child-order/action dossier is incomplete. Parent modifications do not establish full child scope. Obtain the dated child award/action record before assigning money.",0.00,0.00,0.00,17187015.00,c10b544e7ffdb79b845da3fadfacfeae469ebb7870b5ee403cb62c684e0bf4da,,,,
AWARD:a08c6631c2f366c32b1814e2,2,CONT_AWD_70CDCR24FR0000057_7012_70CDCR24D00000009_7012,70CDCR24FR0000057,70CDCR24D00000009,7012,2025,FY2025P08,2025-05-01,2025-05-31,11024295.00,3,2,1,unresolved,unknown,facility_link_or_scope_evidence_incomplete; stable_bracketed_group,C2-E1|C2-E2,"Krome SPC is explicit in File C award metadata, but the dated child-order/action dossier is incomplete. Parent modifications do not establish full child scope. Obtain the dated child award/action record before assigning money.",0.00,0.00,0.00,11024295.00,7b5f04fc52bbd6c84fdf470e585d0da15c11cf27c401f1726bfb0c3ebebf2869,,,,
AWARD:c75272bb0d9288c65d7a3fe2,2,CONT_AWD_70CDCR24FR0000057_7012_70CDCR24D00000009_7012,70CDCR24FR0000057,70CDCR24D00000009,7012,2025,FY2025P09,2025-06-01,2025-06-30,,2,0,2,unresolved,unknown,no_numeric_amount; stable_bracketed_group,C2-E1|C2-E2,"Krome SPC is explicit in File C award metadata, but the dated child-order/action dossier is incomplete. Parent modifications do not establish full child scope. Obtain the dated child award/action record before assigning money.",,,,,890ffa7339cca988240abd5ed9ee95716ae7cebc4360c6c39e3d520e4f5c5ab8,,,,
AWARD:ec3ff9a4f3f5de48ccf2bce8,2,CONT_AWD_70CDCR24FR0000057_7012_70CDCR24D00000009_7012,70CDCR24FR0000057,70CDCR24D00000009,7012,2025,FY2025P10,2025-07-01,2025-07-31,,2,0,2,unresolved,unknown,no_numeric_amount; stable_bracketed_group,C2-E1|C2-E2,"Krome SPC is explicit in File C award metadata, but the dated child-order/action dossier is incomplete. Parent modifications do not establish full child scope. Obtain the dated child award/action record before assigning money.",,,,,d9dd0ea9a44cb0af128a7f622ae653525edcd0bf85093188be9ea368748bb836,,,,
AWARD:0d3593d0458d9ef5e3bf40fb,2,CONT_AWD_70CDCR24FR0000057_7012_70CDCR24D00000009_7012,70CDCR24FR0000057,70CDCR24D00000009,7012,2025,FY2025P11,2025-08-01,2025-08-31,14899914.42,3,1,2,unresolved,unknown,facility_link_or_scope_evidence_incomplete; stable_bracketed_group,C2-E1|C2-E2,"Krome SPC is explicit in File C award metadata, but the dated child-order/action dossier is incomplete. Parent modifications do not establish full child scope. Obtain the dated child award/action record before assigning money.",0.00,0.00,0.00,14899914.42,2fcfd81f6d91f8237491e9e56b8adbdbbadfcd90df0309f51fd1053da6a6c170,,,,
AWARD:72fa16e5c0bbb61af7903e9c,2,CONT_AWD_70CDCR24FR0000057_7012_70CDCR24D00000009_7012,70CDCR24FR0000057,70CDCR24D00000009,7012,2025,FY2025P12,2025-09-01,2025-09-30,10100000.00,3,1,2,unresolved,unknown,facility_link_or_scope_evidence_incomplete; stable_bracketed_group,C2-E1|C2-E2,"Krome SPC is explicit in File C award metadata, but the dated child-order/action dossier is incomplete. Parent modifications do not establish full child scope. Obtain the dated child award/action record before assigning money.",0.00,0.00,0.00,10100000.00,6556817454635f9f3c6790e549fe99ba1f00c13f9c58abaeb96f16e7f301d354,,,,
AWARD:64cf96e0e20f0dd8bdaccf3c,2,CONT_AWD_70CDCR24FR0000057_7012_70CDCR24D00000009_7012,70CDCR24FR0000057,70CDCR24D00000009,7012,2026,FY2026P02,2025-10-01,2025-11-30,,1,0,1,unresolved,unknown,no_numeric_amount; stable_bracketed_group,C2-E1|C2-E2,"Krome SPC is explicit in File C award metadata, but the dated child-order/action dossier is incomplete. Parent modifications do not establish full child scope. Obtain the dated child award/action record before assigning money.",,,,,4b9885cb9f173d20d937b783d1f89573a330ec8167fa3c31cc816ffbcd6cb6b3,,,,
AWARD:e81a42251de8393046ad4a54,2,CONT_AWD_70CDCR24FR0000057_7012_70CDCR24D00000009_7012,70CDCR24FR0000057,70CDCR24D00000009,7012,2026,FY2026P03,2025-12-01,2025-12-31,,3,0,3,unresolved,unknown,no_numeric_amount; stable_bracketed_group,C2-E1|C2-E2,"Krome SPC is explicit in File C award metadata, but the dated child-order/action dossier is incomplete. Parent modifications do not establish full child scope. Obtain the dated child award/action record before assigning money.",,,,,169996814d154b20a265266842bb189ea33fb25fd9de4fcba6daecce128fc4f7,,,,
AWARD:09ac03df03804dad346ee6f4,2,CONT_AWD_70CDCR24FR0000057_7012_70CDCR24D00000009_7012,70CDCR24FR0000057,70CDCR24D00000009,7012,2026,FY2026P04,2026-01-01,2026-01-31,,3,0,3,unresolved,unknown,no_numeric_amount; stable_bracketed_group,C2-E1|C2-E2,"Krome SPC is explicit in File C award metadata, but the dated child-order/action dossier is incomplete. Parent modifications do not establish full child scope. Obtain the dated child award/action record before assigning money.",,,,,5608e778e6b5c9b39f098189f92e6f3229e240d56fc39a4d13c2412a23a0cce6,,,,
AWARD:2796cae9fa64aa6e229aaf39,2,CONT_AWD_70CDCR24FR0000057_7012_70CDCR24D00000009_7012,70CDCR24FR0000057,70CDCR24D00000009,7012,2026,FY2026P05,2026-02-01,2026-02-28,,3,0,3,unresolved,unknown,no_numeric_amount; stable_bracketed_group,C2-E1|C2-E2,"Krome SPC is explicit in File C award metadata, but the dated child-order/action dossier is incomplete. Parent modifications do not establish full child scope. Obtain the dated child award/action record before assigning money.",,,,,4b250729a94e086dd89ea687881a68252fa3d62bd081d99d0643c722478c0b28,,,,
AWARD:215d4cac6a3354a521105c33,2,CONT_AWD_70CDCR24FR0000057_7012_70CDCR24D00000009_7012,70CDCR24FR0000057,70CDCR24D00000009,7012,2026,FY2026P06,2026-03-01,2026-03-31,,3,0,3,unresolved,unknown,no_numeric_amount; stable_bracketed_group,C2-E1|C2-E2,"Krome SPC is explicit in File C award metadata, but the dated child-order/action dossier is incomplete. Parent modifications do not establish full child scope. Obtain the dated child award/action record before assigning money.",,,,,577b49c59532b45e696fd27a2e74fa803ba988dad9240890a11502965ea35ad4,,,,
AWARD:d6c146b26ba524a832f9e6b4,2,CONT_AWD_70CDCR24FR0000057_7012_70CDCR24D00000009_7012,70CDCR24FR0000057,70CDCR24D00000009,7012,2026,FY2026P07,2026-04-01,2026-04-30,,3,0,3,unresolved,unknown,no_numeric_amount; stable_bracketed_group,C2-E1|C2-E2,"Krome SPC is explicit in File C award metadata, but the dated child-order/action dossier is incomplete. Parent modifications do not establish full child scope. Obtain the dated child award/action record before assigning money.",,,,,3f0e7d6b93f6abbe4c8c6c9a581fb6cc1a6eee34e01de32a66526b214fbc8cbe,,,,
AWARD:dfdb96b834ab2ac7cb6e79d3,2,CONT_AWD_70CDCR24FR0000057_7012_70CDCR24D00000009_7012,70CDCR24FR0000057,70CDCR24D00000009,7012,2026,FY2026P08,2026-05-01,2026-05-31,,3,0,3,unresolved,unknown,no_numeric_amount; stable_bracketed_group,C2-E1|C2-E2,"Krome SPC is explicit in File C award metadata, but the dated child-order/action dossier is incomplete. Parent modifications do not establish full child scope. Obtain the dated child award/action record before assigning money.",,,,,1f1d9ec629cb1b06af9e82867afe4ddfbb92247d3941e567893d4b93c49ac620,,,,
AWARD:b1379b714480f0460dc410cc,2,CONT_AWD_70CDCR24FR0000057_7012_70CDCR24D00000009_7012,70CDCR24FR0000057,70CDCR24D00000009,7012,2026,FY2026P09,2026-06-01,2026-06-30,,3,0,3,unresolved,unknown,no_numeric_amount; stable_bracketed_group,C2-E1|C2-E2,"Krome SPC is explicit in File C award metadata, but the dated child-order/action dossier is incomplete. Parent modifications do not establish full child scope. Obtain the dated child award/action record before assigning money.",,,,,28062044eea03e5d2af1201cfee3c3a8bc8a9df7b8643332f7d5c7c0f0544cae,,,,
AWARD:467cf5e5e2e859ea1e0424b8,2,CONT_AWD_70CDCR24FR0000057_7012_70CDCR24D00000009_7012,70CDCR24FR0000057,70CDCR24D00000009,7012,2026,FY2026P10,2026-07-01,2026-07-31,,3,0,3,unresolved,unknown,insufficient_ddp_period_coverage; no_numeric_amount,C2-E1|C2-E2,"Krome SPC is explicit in File C award metadata, but the dated child-order/action dossier is incomplete. Parent modifications do not establish full child scope. Obtain the dated child award/action record before assigning money.",,,,,8901025e3572c70a876a51475bdb434bccd7ed621d29f34d4e4f835504c3e95e,,,,
AWARD:82f9da8d01a999e90c9c3964,3,CONT_AWD_70CDCR25FR0000004_7012_HSCEDM15D00015_7012,70CDCR25FR0000004,HSCEDM15D00015,7012,2025,FY2025P05,2025-02-01,2025-02-28,,1,0,1,unresolved,unknown,no_numeric_amount; stable_bracketed_group,C3-E1|C3-E2,Tacoma city and ZIP support a candidate only; the description does not name Northwest or a unique street address. Obtain a facility-specific child-order or documented alias/address.,,,,,091d8418e1edab0fe6f9635f5b6530e23446547fdbf36ce6f14e28ac33c4c6bb,,,,
AWARD:4102131fd0954513f6a23e79,3,CONT_AWD_70CDCR25FR0000004_7012_HSCEDM15D00015_7012,70CDCR25FR0000004,HSCEDM15D00015,7012,2025,FY2025P06,2025-03-01,2025-03-31,5860757.80,3,2,1,unresolved,unknown,facility_link_or_scope_evidence_incomplete; stable_bracketed_group,C3-E1|C3-E2,Tacoma city and ZIP support a candidate only; the description does not name Northwest or a unique street address. Obtain a facility-specific child-order or documented alias/address.,0.00,0.00,0.00,5860757.80,d619c41521580be45f2dd12a473011e4b8f7d22034be0c0c40936979618bb90b,,,,
AWARD:786330192f038550b1b64a66,3,CONT_AWD_70CDCR25FR0000004_7012_HSCEDM15D00015_7012,70CDCR25FR0000004,HSCEDM15D00015,7012,2025,FY2025P07,2025-04-01,2025-04-30,6234500.00,2,1,1,unresolved,unknown,facility_link_or_scope_evidence_incomplete; stable_bracketed_group,C3-E1|C3-E2,Tacoma city and ZIP support a candidate only; the description does not name Northwest or a unique street address. Obtain a facility-specific child-order or documented alias/address.,0.00,0.00,0.00,6234500.00,07fd3f6aacd970eea83830f81389b4d0a3947534f139252afcb64b6cbf989630,,,,
AWARD:ee2e123fdff17133f07cf31c,3,CONT_AWD_70CDCR25FR0000004_7012_HSCEDM15D00015_7012,70CDCR25FR0000004,HSCEDM15D00015,7012,2025,FY2025P08,2025-05-01,2025-05-31,13305495.01,2,1,1,unresolved,unknown,facility_link_or_scope_evidence_incomplete; stable_bracketed_group,C3-E1|C3-E2,Tacoma city and ZIP support a candidate only; the description does not name Northwest or a unique street address. Obtain a facility-specific child-order or documented alias/address.,0.00,0.00,0.00,13305495.01,d03e69504edd5e9059645c32e646c8045ffb5a21da20e84ce3f93f1dc68052ba,,,,
AWARD:dd3fb3b8708b093a17a77e91,3,CONT_AWD_70CDCR25FR0000004_7012_HSCEDM15D00015_7012,70CDCR25FR0000004,HSCEDM15D00015,7012,2025,FY2025P09,2025-06-01,2025-06-30,,1,0,1,unresolved,unknown,no_numeric_amount; stable_bracketed_group,C3-E1|C3-E2,Tacoma city and ZIP support a candidate only; the description does not name Northwest or a unique street address. Obtain a facility-specific child-order or documented alias/address.,,,,,ea028f4a6c9ba3c1579ba566ddd918889f1376531e73721b0156d0568ca0b432,,,,
AWARD:0c9b36d83e05a35058fb6f41,3,CONT_AWD_70CDCR25FR0000004_7012_HSCEDM15D00015_7012,70CDCR25FR0000004,HSCEDM15D00015,7012,2025,FY2025P10,2025-07-01,2025-07-31,12900600.00,2,1,1,unresolved,unknown,facility_link_or_scope_evidence_incomplete; stable_bracketed_group,C3-E1|C3-E2,Tacoma city and ZIP support a candidate only; the description does not name Northwest or a unique street address. Obtain a facility-specific child-order or documented alias/address.,0.00,0.00,0.00,12900600.00,6ddb3583933de76a949a4d8508ec54564fa0ad749ca438dba9f5e981d10ff2d9,,,,
AWARD:e98c49ee4077855693a52f56,3,CONT_AWD_70CDCR25FR0000004_7012_HSCEDM15D00015_7012,70CDCR25FR0000004,HSCEDM15D00015,7012,2025,FY2025P11,2025-08-01,2025-08-31,,1,0,1,unresolved,unknown,no_numeric_amount; stable_bracketed_group,C3-E1|C3-E2,Tacoma city and ZIP support a candidate only; the description does not name Northwest or a unique street address. Obtain a facility-specific child-order or documented alias/address.,,,,,decefde082f1dd6f8cf099ff7a9f0f86706611341a6ff693d59cc183bed329ee,,,,
AWARD:e510f3f27f5f9235082fcd70,3,CONT_AWD_70CDCR25FR0000004_7012_HSCEDM15D00015_7012,70CDCR25FR0000004,HSCEDM15D00015,7012,2025,FY2025P12,2025-09-01,2025-09-30,9993900.00,2,1,1,unresolved,unknown,facility_link_or_scope_evidence_incomplete; stable_bracketed_group,C3-E1|C3-E2,Tacoma city and ZIP support a candidate only; the description does not name Northwest or a unique street address. Obtain a facility-specific child-order or documented alias/address.,0.00,0.00,0.00,9993900.00,ba8744b94eff512976d71f3be03aa18a91336476bee1518d7bfc03cd33ca7cbf,,,,
AWARD:f347e28fb2422c73ad8bead1,3,CONT_AWD_70CDCR25FR0000004_7012_HSCEDM15D00015_7012,70CDCR25FR0000004,HSCEDM15D00015,7012,2026,FY2026P02,2025-10-01,2025-11-30,,1,0,1,unresolved,unknown,no_numeric_amount; stable_bracketed_group,C3-E1|C3-E2,Tacoma city and ZIP support a candidate only; the description does not name Northwest or a unique street address. Obtain a facility-specific child-order or documented alias/address.,,,,,a67e39d18aa8b108dda21275765a7b4c1497d4548a84ab9fc77cbdefd683b969,,,,
AWARD:41878cadd669a349c67da572,3,CONT_AWD_70CDCR25FR0000004_7012_HSCEDM15D00015_7012,70CDCR25FR0000004,HSCEDM15D00015,7012,2026,FY2026P03,2025-12-01,2025-12-31,,2,0,2,unresolved,unknown,no_numeric_amount; stable_bracketed_group,C3-E1|C3-E2,Tacoma city and ZIP support a candidate only; the description does not name Northwest or a unique street address. Obtain a facility-specific child-order or documented alias/address.,,,,,1edcd4b83d499d8bbf8b99372d6596cbac4bb790669a57b0697ec682a70d767d,,,,
AWARD:00091efbd258d0c3437fd1c5,3,CONT_AWD_70CDCR25FR0000004_7012_HSCEDM15D00015_7012,70CDCR25FR0000004,HSCEDM15D00015,7012,2026,FY2026P04,2026-01-01,2026-01-31,15559500.00,4,1,3,unresolved,unknown,facility_link_or_scope_evidence_incomplete; stable_bracketed_group,C3-E1|C3-E2,Tacoma city and ZIP support a candidate only; the description does not name Northwest or a unique street address. Obtain a facility-specific child-order or documented alias/address.,0.00,0.00,0.00,15559500.00,bd283cca3a8e8eb240a9cb2679afb9bf35a9098e37765b379b936d9235910091,,,,
AWARD:5be02d0af4cdf6c3e24efc05,3,CONT_AWD_70CDCR25FR0000004_7012_HSCEDM15D00015_7012,70CDCR25FR0000004,HSCEDM15D00015,7012,2026,FY2026P05,2026-02-01,2026-02-28,,3,0,3,unresolved,unknown,no_numeric_amount; stable_bracketed_group,C3-E1|C3-E2,Tacoma city and ZIP support a candidate only; the description does not name Northwest or a unique street address. Obtain a facility-specific child-order or documented alias/address.,,,,,1fd61af9d57e6f77c79ab496e7d34a8504f16b3afe78549fb1af69e2e3bc6d4d,,,,
AWARD:fafbf1d9069f811d0733bbf7,3,CONT_AWD_70CDCR25FR0000004_7012_HSCEDM15D00015_7012,70CDCR25FR0000004,HSCEDM15D00015,7012,2026,FY2026P06,2026-03-01,2026-03-31,18285390.31,4,1,3,unresolved,unknown,facility_link_or_scope_evidence_incomplete; stable_bracketed_group,C3-E1|C3-E2,Tacoma city and ZIP support a candidate only; the description does not name Northwest or a unique street address. Obtain a facility-specific child-order or documented alias/address.,0.00,0.00,0.00,18285390.31,00dcf3e81a40fd00acc8a5436f84c058f9d165e2e2d909189161b7cf8756f9b6,,,,
AWARD:2df2387bcf71163a33bf02f6,3,CONT_AWD_70CDCR25FR0000004_7012_HSCEDM15D00015_7012,70CDCR25FR0000004,HSCEDM15D00015,7012,2026,FY2026P07,2026-04-01,2026-04-30,,3,0,3,unresolved,unknown,no_numeric_amount; stable_bracketed_group,C3-E1|C3-E2,Tacoma city and ZIP support a candidate only; the description does not name Northwest or a unique street address. Obtain a facility-specific child-order or documented alias/address.,,,,,395b4b45a9b78b5cae9abc5ec6e73eadfd44ce126369495771f2b46fc51f8c2c,,,,
AWARD:10c40f641add4ea68044c0b2,3,CONT_AWD_70CDCR25FR0000004_7012_HSCEDM15D00015_7012,70CDCR25FR0000004,HSCEDM15D00015,7012,2026,FY2026P08,2026-05-01,2026-05-31,,3,0,3,unresolved,unknown,no_numeric_amount; stable_bracketed_group,C3-E1|C3-E2,Tacoma city and ZIP support a candidate only; the description does not name Northwest or a unique street address. Obtain a facility-specific child-order or documented alias/address.,,,,,a089204f663cb9e48ce259fcc166b7c495a949c3bab300d720d0408b89773774,,,,
AWARD:ff6bae79f5c053467d1cc835,3,CONT_AWD_70CDCR25FR0000004_7012_HSCEDM15D00015_7012,70CDCR25FR0000004,HSCEDM15D00015,7012,2026,FY2026P09,2026-06-01,2026-06-30,,3,0,3,unresolved,unknown,no_numeric_amount; stable_bracketed_group,C3-E1|C3-E2,Tacoma city and ZIP support a candidate only; the description does not name Northwest or a unique street address. Obtain a facility-specific child-order or documented alias/address.,,,,,f06152b353b232a1181fdf7389eb1d73f597e4ccfe02c7e6d01d5ee8b906ab4c,,,,
AWARD:194cbd9aff3995b384fc5963,3,CONT_AWD_70CDCR25FR0000004_7012_HSCEDM15D00015_7012,70CDCR25FR0000004,HSCEDM15D00015,7012,2026,FY2026P10,2026-07-01,2026-07-31,,3,0,3,unresolved,unknown,insufficient_ddp_period_coverage; no_numeric_amount,C3-E1|C3-E2,Tacoma city and ZIP support a candidate only; the description does not name Northwest or a unique street address. Obtain a facility-specific child-order or documented alias/address.,,,,,fa2cd8700fada0a09a3d0e9b01509d4a05421037acd423128b65b0b0562b6886,,,,
AWARD:32525cd9edd03c4a47399321,4,CONT_AWD_70CDCR26FR0000042_7012_70CDCR20D00000008_7012,70CDCR26FR0000042,70CDCR20D00000008,7012,2026,FY2026P05,2026-02-01,2026-02-28,16359775.32,1,1,0,unresolved,true,insufficient_ddp_period_coverage; scope_addition_requires_row_trace; stable_bracketed_group,C4-E1|C4-E2|C4-E3|C4-E4|C4-E5|C4-E3-F2|C4-E3-F3,"The award names Mesa Verde and Golden State, but P00002 on 2026-04-03 adds Central Valley Annex. Its first in-window DDP observation is 2026-07-09. No row-specific split/temporal scope trace has been established; retain all amounts unresolved rather than treating this as a two-site award.",0.00,0.00,0.00,16359775.32,55ed5a48392ef3c0f14bbe4262f1e206f87af87da8040697220f8adb8085c103,,,,
AWARD:65a4a1fd6a78c14310a7201e,4,CONT_AWD_70CDCR26FR0000042_7012_70CDCR20D00000008_7012,70CDCR26FR0000042,70CDCR20D00000008,7012,2026,FY2026P06,2026-03-01,2026-03-31,10073576.00,1,1,0,unresolved,true,insufficient_ddp_period_coverage; scope_addition_requires_row_trace; stable_bracketed_group,C4-E1|C4-E2|C4-E3|C4-E4|C4-E5|C4-E3-F2|C4-E3-F3,"The award names Mesa Verde and Golden State, but P00002 on 2026-04-03 adds Central Valley Annex. Its first in-window DDP observation is 2026-07-09. No row-specific split/temporal scope trace has been established; retain all amounts unresolved rather than treating this as a two-site award.",0.00,0.00,0.00,10073576.00,cd562b146a3a01f2f16d4c0831e31a4969d10d2521788376c9fe1ed56be746a3,,,,
AWARD:337ba9166375c3e2417ceb83,4,CONT_AWD_70CDCR26FR0000042_7012_70CDCR20D00000008_7012,70CDCR26FR0000042,70CDCR20D00000008,7012,2026,FY2026P07,2026-04-01,2026-04-30,5869612.00,2,1,1,unresolved,true,insufficient_ddp_period_coverage; scope_addition_requires_row_trace; stable_bracketed_group,C4-E1|C4-E2|C4-E3|C4-E4|C4-E5|C4-E3-F2|C4-E3-F3,"The award names Mesa Verde and Golden State, but P00002 on 2026-04-03 adds Central Valley Annex. Its first in-window DDP observation is 2026-07-09. No row-specific split/temporal scope trace has been established; retain all amounts unresolved rather than treating this as a two-site award.",0.00,0.00,0.00,5869612.00,06e07d930aeeb0e12cc2a53694e626e0d10e3021bc8ec29eeae4d78b0d0a6b9a,,,,
AWARD:8b76f411232d461aed567f58,4,CONT_AWD_70CDCR26FR0000042_7012_70CDCR20D00000008_7012,70CDCR26FR0000042,70CDCR20D00000008,7012,2026,FY2026P08,2026-05-01,2026-05-31,3563193.60,3,1,2,unresolved,true,insufficient_ddp_period_coverage; scope_addition_requires_row_trace; stable_bracketed_group,C4-E1|C4-E2|C4-E3|C4-E4|C4-E5|C4-E3-F2|C4-E3-F3,"The award names Mesa Verde and Golden State, but P00002 on 2026-04-03 adds Central Valley Annex. Its first in-window DDP observation is 2026-07-09. No row-specific split/temporal scope trace has been established; retain all amounts unresolved rather than treating this as a two-site award.",0.00,0.00,0.00,3563193.60,e703a6ea7ff7f2c714932dbea923cc4ed35b33472e40ced30dd9239840583fae,,,,
AWARD:c3191b1a482ab06b9264bd3c,4,CONT_AWD_70CDCR26FR0000042_7012_70CDCR20D00000008_7012,70CDCR26FR0000042,70CDCR20D00000008,7012,2026,FY2026P09,2026-06-01,2026-06-30,4898964.63,3,1,2,unresolved,true,insufficient_ddp_period_coverage; scope_addition_requires_row_trace; stable_bracketed_group,C4-E1|C4-E2|C4-E3|C4-E4|C4-E5|C4-E3-F2|C4-E3-F3,"The award names Mesa Verde and Golden State, but P00002 on 2026-04-03 adds Central Valley Annex. Its first in-window DDP observation is 2026-07-09. No row-specific split/temporal scope trace has been established; retain all amounts unresolved rather than treating this as a two-site award.",0.00,0.00,0.00,4898964.63,1b3bf845b0e8b653ef4617dbcee7dc3705ee9bd32f856aed3137a0572155cac5,,,,
AWARD:d5396d8b9d094363c02a8ac0,4,CONT_AWD_70CDCR26FR0000042_7012_70CDCR20D00000008_7012,70CDCR26FR0000042,70CDCR20D00000008,7012,2026,FY2026P10,2026-07-01,2026-07-31,35682865.67,5,3,2,unresolved,true,insufficient_ddp_period_coverage; scope_addition_requires_row_trace,C4-E1|C4-E2|C4-E3|C4-E4|C4-E5|C4-E3-F2|C4-E3-F3,"The award names Mesa Verde and Golden State, but P00002 on 2026-04-03 adds Central Valley Annex. Its first in-window DDP observation is 2026-07-09. No row-specific split/temporal scope trace has been established; retain all amounts unresolved rather than treating this as a two-site award.",0.00,0.00,0.00,35682865.67,5c314f183e4cb7c5302ded428bb0395cf007b08acbc6f65c7c09a36ed051aa2b,,,,
AWARD:ca684acf2df27a3d6979c356,5,CONT_AWD_70CDCR26FR0000001_7012_N0002325D0004_9700,70CDCR26FR0000001,N0002325D0004,7012,2026,FY2026P02,2025-10-01,2025-11-30,598444871.04,1,1,0,supported,true,approved_camp_east_override,C5-E1|C5-E2|C5-E3|C5-E4|C5-E5|C5-E6,"Kevin approved assigning all selected Camp East Montana File C 25.4 obligations to this federal facility in the pilot CDF/SPC group. Count this transferred order's signed File C rows once; preserve the approved Camp East DOD-type override. Its April 2026 termination and overlap with the standalone contract remain interpretation caveats, not exclusions or evidence of nonoverlapping services.",598444871.04,0.00,0.00,0.00,9e468b1cf05c7aad489aea28d6a3582c587b9f5bce05cbf63904f7b21cf56da2,accept_proposal,Kevin approved classifying all selected Camp East Montana awards and funding as a federal facility in this task; preserve the distinct-award overlap and termination caveat.,Kevin McNellis,2026-09-24
AWARD:e62eb2e6b35ea0b1864c2274,5,CONT_AWD_70CDCR26FR0000001_7012_N0002325D0004_9700,70CDCR26FR0000001,N0002325D0004,7012,2026,FY2026P03,2025-12-01,2025-12-31,,1,0,1,unresolved,true,approved_camp_east_override; no_numeric_amount,C5-E1|C5-E2|C5-E3|C5-E4|C5-E5|C5-E6,"Kevin approved assigning all selected Camp East Montana File C 25.4 obligations to this federal facility in the pilot CDF/SPC group. Count this transferred order's signed File C rows once; preserve the approved Camp East DOD-type override. Its April 2026 termination and overlap with the standalone contract remain interpretation caveats, not exclusions or evidence of nonoverlapping services.",,,,,b990832f964e293ed5847189e38b2d1dd079220d875eafe7fc2fa9c0931a39fd,,,,
AWARD:e60176ccf40e830a1560609e,5,CONT_AWD_70CDCR26FR0000001_7012_N0002325D0004_9700,70CDCR26FR0000001,N0002325D0004,7012,2026,FY2026P04,2026-01-01,2026-01-31,,1,0,1,unresolved,true,approved_camp_east_override; no_numeric_amount,C5-E1|C5-E2|C5-E3|C5-E4|C5-E5|C5-E6,"Kevin approved assigning all selected Camp East Montana File C 25.4 obligations to this federal facility in the pilot CDF/SPC group. Count this transferred order's signed File C rows once; preserve the approved Camp East DOD-type override. Its April 2026 termination and overlap with the standalone contract remain interpretation caveats, not exclusions or evidence of nonoverlapping services.",,,,,321f716d49c2ba212e83c1c5c5ce6f8d89e228f168b5392ce5a4432b8b4dbbbc,,,,
AWARD:9a4d6a0d309c522df807eb10,5,CONT_AWD_70CDCR26FR0000001_7012_N0002325D0004_9700,70CDCR26FR0000001,N0002325D0004,7012,2026,FY2026P05,2026-02-01,2026-02-28,,1,0,1,unresolved,true,approved_camp_east_override; no_numeric_amount,C5-E1|C5-E2|C5-E3|C5-E4|C5-E5|C5-E6,"Kevin approved assigning all selected Camp East Montana File C 25.4 obligations to this federal facility in the pilot CDF/SPC group. Count this transferred order's signed File C rows once; preserve the approved Camp East DOD-type override. Its April 2026 termination and overlap with the standalone contract remain interpretation caveats, not exclusions or evidence of nonoverlapping services.",,,,,c641193b8613eafaa06ed7bf9bf38a3369095e50f73e49efc9920040e71afc72,,,,
AWARD:c0e47cca36e3224517c4dcee,5,CONT_AWD_70CDCR26FR0000001_7012_N0002325D0004_9700,70CDCR26FR0000001,N0002325D0004,7012,2026,FY2026P06,2026-03-01,2026-03-31,,1,0,1,unresolved,true,approved_camp_east_override; no_numeric_amount,C5-E1|C5-E2|C5-E3|C5-E4|C5-E5|C5-E6,"Kevin approved assigning all selected Camp East Montana File C 25.4 obligations to this federal facility in the pilot CDF/SPC group. Count this transferred order's signed File C rows once; preserve the approved Camp East DOD-type override. Its April 2026 termination and overlap with the standalone contract remain interpretation caveats, not exclusions or evidence of nonoverlapping services.",,,,,b1cc66c92a145a55dd844207b6a5b678429d61eadae4ec6e3b7b20112f794eea,,,,
AWARD:5b435eb022f2a9175467bc2a,5,CONT_AWD_70CDCR26FR0000001_7012_N0002325D0004_9700,70CDCR26FR0000001,N0002325D0004,7012,2026,FY2026P07,2026-04-01,2026-04-30,,1,0,1,unresolved,true,approved_camp_east_override; no_numeric_amount,C5-E1|C5-E2|C5-E3|C5-E4|C5-E5|C5-E6,"Kevin approved assigning all selected Camp East Montana File C 25.4 obligations to this federal facility in the pilot CDF/SPC group. Count this transferred order's signed File C rows once; preserve the approved Camp East DOD-type override. Its April 2026 termination and overlap with the standalone contract remain interpretation caveats, not exclusions or evidence of nonoverlapping services.",,,,,cc396d8a2254f643a239770ecdb43ff927b21dcbf2cb1d210cb69f8d4fb8d03c,,,,
AWARD:cd86d708ab92dd0c7077ad3a,5,CONT_AWD_70CDCR26FR0000001_7012_N0002325D0004_9700,70CDCR26FR0000001,N0002325D0004,7012,2026,FY2026P08,2026-05-01,2026-05-31,,1,0,1,unresolved,true,approved_camp_east_override; no_numeric_amount,C5-E1|C5-E2|C5-E3|C5-E4|C5-E5|C5-E6,"Kevin approved assigning all selected Camp East Montana File C 25.4 obligations to this federal facility in the pilot CDF/SPC group. Count this transferred order's signed File C rows once; preserve the approved Camp East DOD-type override. Its April 2026 termination and overlap with the standalone contract remain interpretation caveats, not exclusions or evidence of nonoverlapping services.",,,,,f1293a5109a1650e51852a88940ab2bd8d1179df4ce4de4258672dfad2088590,,,,
AWARD:da30a67d90581d84358b59e0,5,CONT_AWD_70CDCR26FR0000001_7012_N0002325D0004_9700,70CDCR26FR0000001,N0002325D0004,7012,2026,FY2026P09,2026-06-01,2026-06-30,,1,0,1,unresolved,true,approved_camp_east_override; no_numeric_amount,C5-E1|C5-E2|C5-E3|C5-E4|C5-E5|C5-E6,"Kevin approved assigning all selected Camp East Montana File C 25.4 obligations to this federal facility in the pilot CDF/SPC group. Count this transferred order's signed File C rows once; preserve the approved Camp East DOD-type override. Its April 2026 termination and overlap with the standalone contract remain interpretation caveats, not exclusions or evidence of nonoverlapping services.",,,,,1e98d40dfc2bdb57021b38a69c4487ce6b8bc5f7024ec11c249bc68fb0f5e9a0,,,,
AWARD:4754f3ec63942f4d7c7be2cc,5,CONT_AWD_70CDCR26FR0000001_7012_N0002325D0004_9700,70CDCR26FR0000001,N0002325D0004,7012,2026,FY2026P10,2026-07-01,2026-07-31,,1,0,1,unresolved,true,approved_camp_east_override; no_numeric_amount,C5-E1|C5-E2|C5-E3|C5-E4|C5-E5|C5-E6,"Kevin approved assigning all selected Camp East Montana File C 25.4 obligations to this federal facility in the pilot CDF/SPC group. Count this transferred order's signed File C rows once; preserve the approved Camp East DOD-type override. Its April 2026 termination and overlap with the standalone contract remain interpretation caveats, not exclusions or evidence of nonoverlapping services.",,,,,3cc5759b2df2d9219658c272e7f2c21b5c1656b4ef128f298cceb87ee1c66531,,,,
AWARD:e0f6ee9bbdd641e00491111f,6,CONT_AWD_70CDCR26C00000016_7012_-NONE-_-NONE-,70CDCR26C00000016,,7012,2026,FY2026P06,2026-03-01,2026-03-31,452855435.04,1,1,0,supported,true,approved_camp_east_override,C6-E1|C6-E2|C6-E3|C6-E4|C6-E5|C6-E6,"Kevin approved assigning all selected Camp East Montana File C 25.4 obligations to this federal facility in the pilot CDF/SPC group. Count this standalone contract's signed File C rows once. Its overlapping performance with the transferred order remains an interpretation caveat, not an exclusion or evidence of nonoverlapping services.",452855435.04,0.00,0.00,0.00,00cdf1f5b1110f620582835e03ce60caf7f9b5d9ff593730075ccb47b1f2b17b,accept_proposal,Kevin approved classifying all selected Camp East Montana awards and funding as a federal facility in this task; preserve the distinct-award overlap and termination caveat.,Kevin McNellis,2026-09-24
AWARD:a20d0b75bf95c8c73fe0131e,6,CONT_AWD_70CDCR26C00000016_7012_-NONE-_-NONE-,70CDCR26C00000016,,7012,2026,FY2026P10,2026-07-01,2026-07-31,,1,0,1,unresolved,true,approved_camp_east_override; no_numeric_amount,C6-E1|C6-E2|C6-E3|C6-E4|C6-E5|C6-E6,"Kevin approved assigning all selected Camp East Montana File C 25.4 obligations to this federal facility in the pilot CDF/SPC group. Count this standalone contract's signed File C rows once. Its overlapping performance with the transferred order remains an interpretation caveat, not an exclusion or evidence of nonoverlapping services.",,,,,585e3ff7c8f1f536f6694968d4bc05269e491f76b061599ecce1da9a4e4e8222,,,,
AWARD:e469f9ad724b2711d4bc100c,7,CONT_AWD_70CDCR25FR0000041_7012_DJJODT9C0001_1501,70CDCR25FR0000041,DJJODT9C0001,7012,2025,FY2025P08,2025-05-01,2025-05-31,1491900.00,1,1,0,unresolved,unknown,facility_link_or_scope_evidence_incomplete; stable_bracketed_group,C7-E1|C7-E2,"The description names Central Arizona Florence Correctional Complex, but dated source evidence does not yet tie that phrase to the candidate roster ID. Multiple Florence entities exist. The candidate also changes from USMS IGA to USMS CDF across Sep-Nov2025; resolve identity before period assignment.",0.00,0.00,0.00,1491900.00,ba0e11d8c7186771d0b796c3fd090ccbfc7602811eb09356f2b8eafc67615142,,,,
AWARD:64b574028e8a56dcd77cf4e0,7,CONT_AWD_70CDCR25FR0000041_7012_DJJODT9C0001_1501,70CDCR25FR0000041,DJJODT9C0001,7012,2025,FY2025P12,2025-09-01,2025-09-30,6625800.00,4,2,2,unresolved,unknown,conflicting_or_unknown_ddp_group; facility_link_or_scope_evidence_incomplete,C7-E1|C7-E2,"The description names Central Arizona Florence Correctional Complex, but dated source evidence does not yet tie that phrase to the candidate roster ID. Multiple Florence entities exist. The candidate also changes from USMS IGA to USMS CDF across Sep-Nov2025; resolve identity before period assignment.",0.00,0.00,0.00,6625800.00,332607a1da3d57bca24f8ae58f2ecc2a46dc3683f2a4152128d3dd79d9082527,,,,
AWARD:cd0c779d21a202edd98f2b49,7,CONT_AWD_70CDCR25FR0000041_7012_DJJODT9C0001_1501,70CDCR25FR0000041,DJJODT9C0001,7012,2026,FY2026P02,2025-10-01,2025-11-30,,1,0,1,unresolved,unknown,conflicting_or_unknown_ddp_group; no_numeric_amount,C7-E1|C7-E2,"The description names Central Arizona Florence Correctional Complex, but dated source evidence does not yet tie that phrase to the candidate roster ID. Multiple Florence entities exist. The candidate also changes from USMS IGA to USMS CDF across Sep-Nov2025; resolve identity before period assignment.",,,,,a9b83eb382da05c5f3eb0f6592ca9a0ff3686f1bf44d21cb386f213044cba145,,,,
AWARD:af8d7fb0b7d20515a1304f62,7,CONT_AWD_70CDCR25FR0000041_7012_DJJODT9C0001_1501,70CDCR25FR0000041,DJJODT9C0001,7012,2026,FY2026P03,2025-12-01,2025-12-31,,1,0,1,unresolved,unknown,no_numeric_amount; stable_bracketed_group,C7-E1|C7-E2,"The description names Central Arizona Florence Correctional Complex, but dated source evidence does not yet tie that phrase to the candidate roster ID. Multiple Florence entities exist. The candidate also changes from USMS IGA to USMS CDF across Sep-Nov2025; resolve identity before period assignment.",,,,,cfa8ee82302a91c77cbdc5c5417ba75e34b91471ce55532c656268d05a60389a,,,,
AWARD:63e34527fa880eecb32b5bc1,7,CONT_AWD_70CDCR25FR0000041_7012_DJJODT9C0001_1501,70CDCR25FR0000041,DJJODT9C0001,7012,2026,FY2026P04,2026-01-01,2026-01-31,8657900.00,3,1,2,unresolved,unknown,facility_link_or_scope_evidence_incomplete; stable_bracketed_group,C7-E1|C7-E2,"The description names Central Arizona Florence Correctional Complex, but dated source evidence does not yet tie that phrase to the candidate roster ID. Multiple Florence entities exist. The candidate also changes from USMS IGA to USMS CDF across Sep-Nov2025; resolve identity before period assignment.",0.00,0.00,0.00,8657900.00,8f2825d8e6f6185ef8a58283a69a97f9b7a743a7c99345cdd6a6c13b4a54a782,,,,
AWARD:24ef55e6f7800109875b2352,7,CONT_AWD_70CDCR25FR0000041_7012_DJJODT9C0001_1501,70CDCR25FR0000041,DJJODT9C0001,7012,2026,FY2026P05,2026-02-01,2026-02-28,,2,0,2,unresolved,unknown,no_numeric_amount; stable_bracketed_group,C7-E1|C7-E2,"The description names Central Arizona Florence Correctional Complex, but dated source evidence does not yet tie that phrase to the candidate roster ID. Multiple Florence entities exist. The candidate also changes from USMS IGA to USMS CDF across Sep-Nov2025; resolve identity before period assignment.",,,,,a6a7d26a9f6fedbf1f1f880acfe717a8fb845ab63a478c365d80b57e4ba98008,,,,
AWARD:300567c874a0e0f1f0dfc62c,7,CONT_AWD_70CDCR25FR0000041_7012_DJJODT9C0001_1501,70CDCR25FR0000041,DJJODT9C0001,7012,2026,FY2026P06,2026-03-01,2026-03-31,,2,0,2,unresolved,unknown,no_numeric_amount; stable_bracketed_group,C7-E1|C7-E2,"The description names Central Arizona Florence Correctional Complex, but dated source evidence does not yet tie that phrase to the candidate roster ID. Multiple Florence entities exist. The candidate also changes from USMS IGA to USMS CDF across Sep-Nov2025; resolve identity before period assignment.",,,,,e3dce7fec5c9689d55cad28d69d1f9cdb812cb863e12a5fdc3c14293da077c6f,,,,
AWARD:6483e0ffeb1c1579bd56dd5f,7,CONT_AWD_70CDCR25FR0000041_7012_DJJODT9C0001_1501,70CDCR25FR0000041,DJJODT9C0001,7012,2026,FY2026P07,2026-04-01,2026-04-30,4600000.00,3,1,2,unresolved,unknown,facility_link_or_scope_evidence_incomplete; stable_bracketed_group,C7-E1|C7-E2,"The description names Central Arizona Florence Correctional Complex, but dated source evidence does not yet tie that phrase to the candidate roster ID. Multiple Florence entities exist. The candidate also changes from USMS IGA to USMS CDF across Sep-Nov2025; resolve identity before period assignment.",0.00,0.00,0.00,4600000.00,be86908bac13077abc6a30aefa9e4b1d20f329c67aa7628af9239674c19d4d9c,,,,
AWARD:1ea162a5fe9acfcdd14c3bc4,7,CONT_AWD_70CDCR25FR0000041_7012_DJJODT9C0001_1501,70CDCR25FR0000041,DJJODT9C0001,7012,2026,FY2026P08,2026-05-01,2026-05-31,3627200.00,3,1,2,unresolved,unknown,facility_link_or_scope_evidence_incomplete; stable_bracketed_group,C7-E1|C7-E2,"The description names Central Arizona Florence Correctional Complex, but dated source evidence does not yet tie that phrase to the candidate roster ID. Multiple Florence entities exist. The candidate also changes from USMS IGA to USMS CDF across Sep-Nov2025; resolve identity before period assignment.",0.00,0.00,0.00,3627200.00,099f9d30ac2a0471f6da164c3ba1dc66aa277c88d26230fc8aceb4fe72f8e390,,,,
AWARD:8ec29f3f200a9df17559c3af,7,CONT_AWD_70CDCR25FR0000041_7012_DJJODT9C0001_1501,70CDCR25FR0000041,DJJODT9C0001,7012,2026,FY2026P09,2026-06-01,2026-06-30,,2,0,2,unresolved,unknown,no_numeric_amount; stable_bracketed_group,C7-E1|C7-E2,"The description names Central Arizona Florence Correctional Complex, but dated source evidence does not yet tie that phrase to the candidate roster ID. Multiple Florence entities exist. The candidate also changes from USMS IGA to USMS CDF across Sep-Nov2025; resolve identity before period assignment.",,,,,2f45590f1fb3667467ab65a487911544ad57e6dcf1f8f1498f3534b9441f6eab,,,,
AWARD:87a5e37573e120000e188c1e,7,CONT_AWD_70CDCR25FR0000041_7012_DJJODT9C0001_1501,70CDCR25FR0000041,DJJODT9C0001,7012,2026,FY2026P10,2026-07-01,2026-07-31,2600000.00,3,1,2,unresolved,unknown,facility_link_or_scope_evidence_incomplete; insufficient_ddp_period_coverage,C7-E1|C7-E2,"The description names Central Arizona Florence Correctional Complex, but dated source evidence does not yet tie that phrase to the candidate roster ID. Multiple Florence entities exist. The candidate also changes from USMS IGA to USMS CDF across Sep-Nov2025; resolve identity before period assignment.",0.00,0.00,0.00,2600000.00,e3ed70866c91002e01ebb08ee4a8399e94e8ec7d1ce3924c9dc7772f9cbb2c8a,,,,
AWARD:35545080a098eef6e66584f6,8,CONT_AWD_70CDCR25FR0000013_7012_70CDCR20D00000008_7012,70CDCR25FR0000013,70CDCR20D00000008,7012,2025,FY2025P05,2025-02-01,2025-02-28,4870794.14,2,1,1,unresolved,unknown,facility_link_or_scope_evidence_incomplete,C8-E1|C8-E2,"Housing for detainees, recipient GEO, parent and ZIP do not uniquely identify facilities or full service scope. Obtain the child-order/action description or contract.",0.00,0.00,0.00,4870794.14,2d8706f5ac22a193ca30eae9b499d9b0b861c5e23e069cb5c8f0df9a3f723999,,,,
AWARD:3df10b1538d7d3021f593379,8,CONT_AWD_70CDCR25FR0000013_7012_70CDCR20D00000008_7012,70CDCR25FR0000013,70CDCR20D00000008,7012,2025,FY2025P06,2025-03-01,2025-03-31,15119685.60,2,1,1,unresolved,unknown,facility_link_or_scope_evidence_incomplete,C8-E1|C8-E2,"Housing for detainees, recipient GEO, parent and ZIP do not uniquely identify facilities or full service scope. Obtain the child-order/action description or contract.",0.00,0.00,0.00,15119685.60,316f5555b5a1b44564ed8d82da7ca6ca47f809f0483c0be7ba879be4fd3e59b0,,,,
AWARD:db6dda61d7de08d8d38ad210,8,CONT_AWD_70CDCR25FR0000013_7012_70CDCR20D00000008_7012,70CDCR25FR0000013,70CDCR20D00000008,7012,2025,FY2025P07,2025-04-01,2025-04-30,5025324.00,2,1,1,unresolved,unknown,facility_link_or_scope_evidence_incomplete,C8-E1|C8-E2,"Housing for detainees, recipient GEO, parent and ZIP do not uniquely identify facilities or full service scope. Obtain the child-order/action description or contract.",0.00,0.00,0.00,5025324.00,02d4f1a5697e638697c472b3b68dedf972808d29ba982dd995b3825b08cd6f80,,,,
AWARD:b3165cb683614a9c3eb50beb,8,CONT_AWD_70CDCR25FR0000013_7012_70CDCR20D00000008_7012,70CDCR25FR0000013,70CDCR20D00000008,7012,2025,FY2025P08,2025-05-01,2025-05-31,8370636.25,2,1,1,unresolved,unknown,facility_link_or_scope_evidence_incomplete,C8-E1|C8-E2,"Housing for detainees, recipient GEO, parent and ZIP do not uniquely identify facilities or full service scope. Obtain the child-order/action description or contract.",0.00,0.00,0.00,8370636.25,ae5be35707b2a0eccf59c60dadb7922cf0cc0722a97ecbb5b1f9ac3dcc2aff77,,,,
AWARD:1d1ba965025b2207c5cd0916,8,CONT_AWD_70CDCR25FR0000013_7012_70CDCR20D00000008_7012,70CDCR25FR0000013,70CDCR20D00000008,7012,2025,FY2025P09,2025-06-01,2025-06-30,,1,0,1,unresolved,unknown,no_numeric_amount,C8-E1|C8-E2,"Housing for detainees, recipient GEO, parent and ZIP do not uniquely identify facilities or full service scope. Obtain the child-order/action description or contract.",,,,,c86282323286515ab592e974d07baa7d014cf99ec76207f22c16096003a099fd,,,,
AWARD:443a52e6d83f1ea2e0b376dc,8,CONT_AWD_70CDCR25FR0000013_7012_70CDCR20D00000008_7012,70CDCR25FR0000013,70CDCR20D00000008,7012,2025,FY2025P10,2025-07-01,2025-07-31,,1,0,1,unresolved,unknown,no_numeric_amount,C8-E1|C8-E2,"Housing for detainees, recipient GEO, parent and ZIP do not uniquely identify facilities or full service scope. Obtain the child-order/action description or contract.",,,,,7053bcecce0a15c4ae405adfb8151309c1200157e6445984d2ddde662ef8b237,,,,
AWARD:c7b13a0fec2e422cbc43a272,8,CONT_AWD_70CDCR25FR0000013_7012_70CDCR20D00000008_7012,70CDCR25FR0000013,70CDCR20D00000008,7012,2025,FY2025P11,2025-08-01,2025-08-31,,1,0,1,unresolved,unknown,no_numeric_amount,C8-E1|C8-E2,"Housing for detainees, recipient GEO, parent and ZIP do not uniquely identify facilities or full service scope. Obtain the child-order/action description or contract.",,,,,4411e9a4b732c139da853a196de500c691af7a9195e9b51a801ae17abc729acb,,,,
AWARD:f757720aa62df07012119c6c,8,CONT_AWD_70CDCR25FR0000013_7012_70CDCR20D00000008_7012,70CDCR25FR0000013,70CDCR20D00000008,7012,2025,FY2025P12,2025-09-01,2025-09-30,10320516.81,2,1,1,unresolved,unknown,facility_link_or_scope_evidence_incomplete,C8-E1|C8-E2,"Housing for detainees, recipient GEO, parent and ZIP do not uniquely identify facilities or full service scope. Obtain the child-order/action description or contract.",0.00,0.00,0.00,10320516.81,d9585a37e21dafd70cc4cf4a408072c00cacdbe6cc48d6aa0daae31500689aa1,,,,
AWARD:391fe3e4f93f9d2fcacc02c6,8,CONT_AWD_70CDCR25FR0000013_7012_70CDCR20D00000008_7012,70CDCR25FR0000013,70CDCR20D00000008,7012,2026,FY2026P02,2025-10-01,2025-11-30,,1,0,1,unresolved,unknown,no_numeric_amount,C8-E1|C8-E2,"Housing for detainees, recipient GEO, parent and ZIP do not uniquely identify facilities or full service scope. Obtain the child-order/action description or contract.",,,,,77b56faad8621eef52e4007c77123a13848b766738e07dc210f4d567ff6c2bc0,,,,
AWARD:7b23b080ea45a4303e6781ca,8,CONT_AWD_70CDCR25FR0000013_7012_70CDCR20D00000008_7012,70CDCR25FR0000013,70CDCR20D00000008,7012,2026,FY2026P03,2025-12-01,2025-12-31,,1,0,1,unresolved,unknown,no_numeric_amount,C8-E1|C8-E2,"Housing for detainees, recipient GEO, parent and ZIP do not uniquely identify facilities or full service scope. Obtain the child-order/action description or contract.",,,,,aedbb52458931307b2cdb39f1f3f4911d62f0452d9c8cbee8b228385ab6c84cb,,,,
AWARD:d7be545367e513ce6b3280f9,8,CONT_AWD_70CDCR25FR0000013_7012_70CDCR20D00000008_7012,70CDCR25FR0000013,70CDCR20D00000008,7012,2026,FY2026P04,2026-01-01,2026-01-31,15215560.00,3,1,2,unresolved,unknown,facility_link_or_scope_evidence_incomplete,C8-E1|C8-E2,"Housing for detainees, recipient GEO, parent and ZIP do not uniquely identify facilities or full service scope. Obtain the child-order/action description or contract.",0.00,0.00,0.00,15215560.00,27fc90f8d72bbf68b442604cd76bf62987e475d9040037979c8f1aeb2c8677d0,,,,
AWARD:52ff95642d39cbd709dfa87b,8,CONT_AWD_70CDCR25FR0000013_7012_70CDCR20D00000008_7012,70CDCR25FR0000013,70CDCR20D00000008,7012,2026,FY2026P05,2026-02-01,2026-02-28,,2,0,2,unresolved,unknown,no_numeric_amount,C8-E1|C8-E2,"Housing for detainees, recipient GEO, parent and ZIP do not uniquely identify facilities or full service scope. Obtain the child-order/action description or contract.",,,,,de1356a3db3868c70d8c6496e3e28d20079bd65949b3087e5d316909d185c3ca,,,,
AWARD:1f20ffcef369427a273c9f40,8,CONT_AWD_70CDCR25FR0000013_7012_70CDCR20D00000008_7012,70CDCR25FR0000013,70CDCR20D00000008,7012,2026,FY2026P06,2026-03-01,2026-03-31,,2,0,2,unresolved,unknown,no_numeric_amount,C8-E1|C8-E2,"Housing for detainees, recipient GEO, parent and ZIP do not uniquely identify facilities or full service scope. Obtain the child-order/action description or contract.",,,,,2fac7f98a11c5e71d1a07a0a0e3589bfcb840e96e37d9121c8fdd9e28e1cb41e,,,,
AWARD:e35ab90e67b19edf00f9d372,8,CONT_AWD_70CDCR25FR0000013_7012_70CDCR20D00000008_7012,70CDCR25FR0000013,70CDCR20D00000008,7012,2026,FY2026P07,2026-04-01,2026-04-30,,2,0,2,unresolved,unknown,no_numeric_amount,C8-E1|C8-E2,"Housing for detainees, recipient GEO, parent and ZIP do not uniquely identify facilities or full service scope. Obtain the child-order/action description or contract.",,,,,f28d73918ec83a71e0e5eedd230e8cfc975f3d21cdb5cef092387d62ca8bc6dd,,,,
AWARD:1c8148279515874b2463cc09,8,CONT_AWD_70CDCR25FR0000013_7012_70CDCR20D00000008_7012,70CDCR25FR0000013,70CDCR20D00000008,7012,2026,FY2026P08,2026-05-01,2026-05-31,,2,0,2,unresolved,unknown,no_numeric_amount,C8-E1|C8-E2,"Housing for detainees, recipient GEO, parent and ZIP do not uniquely identify facilities or full service scope. Obtain the child-order/action description or contract.",,,,,feea3b49c03ae536183d4205d768c116b0dd392866e3bdc07d9d08ae10f823bc,,,,
AWARD:e97e918c4b89b77c81db7927,8,CONT_AWD_70CDCR25FR0000013_7012_70CDCR20D00000008_7012,70CDCR25FR0000013,70CDCR20D00000008,7012,2026,FY2026P09,2026-06-01,2026-06-30,,2,0,2,unresolved,unknown,no_numeric_amount,C8-E1|C8-E2,"Housing for detainees, recipient GEO, parent and ZIP do not uniquely identify facilities or full service scope. Obtain the child-order/action description or contract.",,,,,789df6c016e4691d0c5722407a8b0f8f0b5384f74dfe82913233a923d1cf1089,,,,
AWARD:ca4e5821df79e58099e315f0,8,CONT_AWD_70CDCR25FR0000013_7012_70CDCR20D00000008_7012,70CDCR25FR0000013,70CDCR20D00000008,7012,2026,FY2026P10,2026-07-01,2026-07-31,,2,0,2,unresolved,unknown,no_numeric_amount,C8-E1|C8-E2,"Housing for detainees, recipient GEO, parent and ZIP do not uniquely identify facilities or full service scope. Obtain the child-order/action description or contract.",,,,,2175188c6121abcde5cd4a2904905993fa25e7d4e0fb884d01f032720c5eb55e,,,,
