review_id,facility_entity_id,display_name,period_start,period_end,analytical_group,before_date,after_date,raw_type_history,observation_refs,override,reason,link_status
AWARD:00091efbd258d0c3437fd1c5,fac_05379451b2a354a9a781c7c96896cc92,NORTHWEST ICE PROCESSING CENTER,2026-01-01,2026-01-31,cdf_spc,2025-12-26,2026-02-05,"[[""2025-12-26"", ""CDF""], [""2026-01-22"", ""CDF""], [""2026-02-05"", ""CDF""]]","[""fac_05379451b2a354a9a781c7c96896cc92::ice_iids_20251226"", ""fac_05379451b2a354a9a781c7c96896cc92::ice_iids_20260122"", ""fac_05379451b2a354a9a781c7c96896cc92::ice_iids_20260205""]",False,stable_bracketed_group,unresolved
AWARD:0147dbf5f669619575f0a608,fac_e47843e933905919a6ded4591fe520f2,OTAY MESA DETENTION CENTER,2026-07-01,2026-07-31,unresolved,2026-04-02,,"[[""2026-04-02"", ""CDF""], [""2026-07-09"", ""CDF""]]","[""fac_e47843e933905919a6ded4591fe520f2::ice_iids_20260402"", ""fac_e47843e933905919a6ded4591fe520f2::ice_iids_20260709""]",False,insufficient_ddp_period_coverage,supported
AWARD:076ed4490ed70d77085e877e,fac_e47843e933905919a6ded4591fe520f2,OTAY MESA DETENTION CENTER,2025-07-01,2025-07-31,cdf_spc,2025-06-23,2025-08-04,"[[""2025-06-23"", ""CDF""], [""2025-07-07"", ""CDF""], [""2025-07-21"", ""CDF""], [""2025-08-04"", ""CDF""]]","[""fac_e47843e933905919a6ded4591fe520f2::ice_iids_20250623"", ""fac_e47843e933905919a6ded4591fe520f2::ice_iids_20250707"", ""fac_e47843e933905919a6ded4591fe520f2::ice_iids_20250721"", ""fac_e47843e933905919a6ded4591fe520f2::ice_iids_20250804""]",False,stable_bracketed_group,supported
AWARD:09ac03df03804dad346ee6f4,fac_8dedec600a8d54239cda868bd68ab097,KROME NORTH SERVICE PROCESSING CENTER,2026-01-01,2026-01-31,cdf_spc,2025-12-26,2026-02-05,"[[""2025-12-26"", ""SPC""], [""2026-01-22"", ""SPC""], [""2026-02-05"", ""SPC""]]","[""fac_8dedec600a8d54239cda868bd68ab097::ice_iids_20251226"", ""fac_8dedec600a8d54239cda868bd68ab097::ice_iids_20260122"", ""fac_8dedec600a8d54239cda868bd68ab097::ice_iids_20260205""]",False,stable_bracketed_group,unresolved
AWARD:0c9b36d83e05a35058fb6f41,fac_05379451b2a354a9a781c7c96896cc92,NORTHWEST ICE PROCESSING CENTER,2025-07-01,2025-07-31,cdf_spc,2025-06-23,2025-08-04,"[[""2025-06-23"", ""CDF""], [""2025-07-07"", ""CDF""], [""2025-07-21"", ""CDF""], [""2025-08-04"", ""CDF""]]","[""fac_05379451b2a354a9a781c7c96896cc92::ice_iids_20250623"", ""fac_05379451b2a354a9a781c7c96896cc92::ice_iids_20250707"", ""fac_05379451b2a354a9a781c7c96896cc92::ice_iids_20250721"", ""fac_05379451b2a354a9a781c7c96896cc92::ice_iids_20250804""]",False,stable_bracketed_group,unresolved
AWARD:0d3593d0458d9ef5e3bf40fb,fac_8dedec600a8d54239cda868bd68ab097,KROME NORTH SERVICE PROCESSING CENTER,2025-08-01,2025-08-31,cdf_spc,2025-07-21,2025-09-02,"[[""2025-07-21"", ""SPC""], [""2025-08-04"", ""SPC""], [""2025-08-18"", ""SPC""], [""2025-09-02"", ""SPC""]]","[""fac_8dedec600a8d54239cda868bd68ab097::ice_iids_20250721"", ""fac_8dedec600a8d54239cda868bd68ab097::ice_iids_20250804"", ""fac_8dedec600a8d54239cda868bd68ab097::ice_iids_20250818"", ""fac_8dedec600a8d54239cda868bd68ab097::ice_iids_20250902""]",False,stable_bracketed_group,unresolved
AWARD:10c40f641add4ea68044c0b2,fac_05379451b2a354a9a781c7c96896cc92,NORTHWEST ICE PROCESSING CENTER,2026-05-01,2026-05-31,cdf_spc,2026-04-02,2026-07-09,"[[""2026-04-02"", ""CDF""], [""2026-07-09"", ""CDF""]]","[""fac_05379451b2a354a9a781c7c96896cc92::ice_iids_20260402"", ""fac_05379451b2a354a9a781c7c96896cc92::ice_iids_20260709""]",False,stable_bracketed_group,unresolved
AWARD:194cbd9aff3995b384fc5963,fac_05379451b2a354a9a781c7c96896cc92,NORTHWEST ICE PROCESSING CENTER,2026-07-01,2026-07-31,unresolved,2026-04-02,,"[[""2026-04-02"", ""CDF""], [""2026-07-09"", ""CDF""]]","[""fac_05379451b2a354a9a781c7c96896cc92::ice_iids_20260402"", ""fac_05379451b2a354a9a781c7c96896cc92::ice_iids_20260709""]",False,insufficient_ddp_period_coverage,unresolved
AWARD:1ea162a5fe9acfcdd14c3bc4,fac_2f4e5d06635352e38d691a7ee2f81ca0,"CCA, FLORENCE CORRECTIONAL CENTER",2026-05-01,2026-05-31,cdf_spc,2026-04-02,2026-07-09,"[[""2026-04-02"", ""USMS CDF""], [""2026-07-09"", ""USMS CDF""]]","[""fac_2f4e5d06635352e38d691a7ee2f81ca0::ice_iids_20260402"", ""fac_2f4e5d06635352e38d691a7ee2f81ca0::ice_iids_20260709""]",False,stable_bracketed_group,unresolved
AWARD:215d4cac6a3354a521105c33,fac_8dedec600a8d54239cda868bd68ab097,KROME NORTH SERVICE PROCESSING CENTER,2026-03-01,2026-03-31,cdf_spc,2026-02-05,2026-04-02,"[[""2026-02-05"", ""SPC""], [""2026-04-02"", ""SPC""]]","[""fac_8dedec600a8d54239cda868bd68ab097::ice_iids_20260205"", ""fac_8dedec600a8d54239cda868bd68ab097::ice_iids_20260402""]",False,stable_bracketed_group,unresolved
AWARD:24ef55e6f7800109875b2352,fac_2f4e5d06635352e38d691a7ee2f81ca0,"CCA, FLORENCE CORRECTIONAL CENTER",2026-02-01,2026-02-28,cdf_spc,2026-01-22,2026-04-02,"[[""2026-01-22"", ""USMS CDF""], [""2026-02-05"", ""USMS CDF""], [""2026-04-02"", ""USMS CDF""]]","[""fac_2f4e5d06635352e38d691a7ee2f81ca0::ice_iids_20260122"", ""fac_2f4e5d06635352e38d691a7ee2f81ca0::ice_iids_20260205"", ""fac_2f4e5d06635352e38d691a7ee2f81ca0::ice_iids_20260402""]",False,stable_bracketed_group,unresolved
AWARD:2796cae9fa64aa6e229aaf39,fac_8dedec600a8d54239cda868bd68ab097,KROME NORTH SERVICE PROCESSING CENTER,2026-02-01,2026-02-28,cdf_spc,2026-01-22,2026-04-02,"[[""2026-01-22"", ""SPC""], [""2026-02-05"", ""SPC""], [""2026-04-02"", ""SPC""]]","[""fac_8dedec600a8d54239cda868bd68ab097::ice_iids_20260122"", ""fac_8dedec600a8d54239cda868bd68ab097::ice_iids_20260205"", ""fac_8dedec600a8d54239cda868bd68ab097::ice_iids_20260402""]",False,stable_bracketed_group,unresolved
AWARD:2df2387bcf71163a33bf02f6,fac_05379451b2a354a9a781c7c96896cc92,NORTHWEST ICE PROCESSING CENTER,2026-04-01,2026-04-30,cdf_spc,2026-02-05,2026-07-09,"[[""2026-02-05"", ""CDF""], [""2026-04-02"", ""CDF""], [""2026-07-09"", ""CDF""]]","[""fac_05379451b2a354a9a781c7c96896cc92::ice_iids_20260205"", ""fac_05379451b2a354a9a781c7c96896cc92::ice_iids_20260402"", ""fac_05379451b2a354a9a781c7c96896cc92::ice_iids_20260709""]",False,stable_bracketed_group,unresolved
AWARD:300567c874a0e0f1f0dfc62c,fac_2f4e5d06635352e38d691a7ee2f81ca0,"CCA, FLORENCE CORRECTIONAL CENTER",2026-03-01,2026-03-31,cdf_spc,2026-02-05,2026-04-02,"[[""2026-02-05"", ""USMS CDF""], [""2026-04-02"", ""USMS CDF""]]","[""fac_2f4e5d06635352e38d691a7ee2f81ca0::ice_iids_20260205"", ""fac_2f4e5d06635352e38d691a7ee2f81ca0::ice_iids_20260402""]",False,stable_bracketed_group,unresolved
AWARD:32525cd9edd03c4a47399321,fac_db8ab1001ba3541383b036f773f9af2f,MESA VERDE ICE PROCESSING CENTER,2026-02-01,2026-02-28,cdf_spc,2026-01-22,2026-04-02,"[[""2026-01-22"", ""CDF""], [""2026-02-05"", ""CDF""], [""2026-04-02"", ""CDF""]]","[""fac_db8ab1001ba3541383b036f773f9af2f::ice_iids_20260122"", ""fac_db8ab1001ba3541383b036f773f9af2f::ice_iids_20260205"", ""fac_db8ab1001ba3541383b036f773f9af2f::ice_iids_20260402""]",False,stable_bracketed_group,supported
AWARD:32525cd9edd03c4a47399321,fac_4357df2c2db55bdead9c08f8f2790e3d,GOLDEN STATE ANNEX,2026-02-01,2026-02-28,cdf_spc,2026-01-22,2026-04-02,"[[""2026-01-22"", ""CDF""], [""2026-02-05"", ""CDF""], [""2026-04-02"", ""CDF""]]","[""fac_4357df2c2db55bdead9c08f8f2790e3d::ice_iids_20260122"", ""fac_4357df2c2db55bdead9c08f8f2790e3d::ice_iids_20260205"", ""fac_4357df2c2db55bdead9c08f8f2790e3d::ice_iids_20260402""]",False,stable_bracketed_group,supported
AWARD:32525cd9edd03c4a47399321,fac_8d7dd3307acc5e6e91e82603058ec846,CENTRAL VALLEY ANNEX,2026-02-01,2026-02-28,unresolved,,2026-07-09,"[[""2026-07-09"", ""CDF""]]","[""fac_8d7dd3307acc5e6e91e82603058ec846::ice_iids_20260709""]",False,insufficient_ddp_period_coverage,supported
AWARD:337ba9166375c3e2417ceb83,fac_db8ab1001ba3541383b036f773f9af2f,MESA VERDE ICE PROCESSING CENTER,2026-04-01,2026-04-30,cdf_spc,2026-02-05,2026-07-09,"[[""2026-02-05"", ""CDF""], [""2026-04-02"", ""CDF""], [""2026-07-09"", ""CDF""]]","[""fac_db8ab1001ba3541383b036f773f9af2f::ice_iids_20260205"", ""fac_db8ab1001ba3541383b036f773f9af2f::ice_iids_20260402"", ""fac_db8ab1001ba3541383b036f773f9af2f::ice_iids_20260709""]",False,stable_bracketed_group,supported
AWARD:337ba9166375c3e2417ceb83,fac_4357df2c2db55bdead9c08f8f2790e3d,GOLDEN STATE ANNEX,2026-04-01,2026-04-30,cdf_spc,2026-02-05,2026-07-09,"[[""2026-02-05"", ""CDF""], [""2026-04-02"", ""CDF""], [""2026-07-09"", ""CDF""]]","[""fac_4357df2c2db55bdead9c08f8f2790e3d::ice_iids_20260205"", ""fac_4357df2c2db55bdead9c08f8f2790e3d::ice_iids_20260402"", ""fac_4357df2c2db55bdead9c08f8f2790e3d::ice_iids_20260709""]",False,stable_bracketed_group,supported
AWARD:337ba9166375c3e2417ceb83,fac_8d7dd3307acc5e6e91e82603058ec846,CENTRAL VALLEY ANNEX,2026-04-01,2026-04-30,unresolved,,2026-07-09,"[[""2026-07-09"", ""CDF""]]","[""fac_8d7dd3307acc5e6e91e82603058ec846::ice_iids_20260709""]",False,insufficient_ddp_period_coverage,supported
AWARD:3945917287e28cffece89278,fac_e47843e933905919a6ded4591fe520f2,OTAY MESA DETENTION CENTER,2026-04-01,2026-04-30,cdf_spc,2026-02-05,2026-07-09,"[[""2026-02-05"", ""CDF""], [""2026-04-02"", ""CDF""], [""2026-07-09"", ""CDF""]]","[""fac_e47843e933905919a6ded4591fe520f2::ice_iids_20260205"", ""fac_e47843e933905919a6ded4591fe520f2::ice_iids_20260402"", ""fac_e47843e933905919a6ded4591fe520f2::ice_iids_20260709""]",False,stable_bracketed_group,supported
AWARD:3dd4aa67bb63fd2d9085ea92,fac_e47843e933905919a6ded4591fe520f2,OTAY MESA DETENTION CENTER,2025-03-01,2025-03-31,cdf_spc,2025-02-18,2025-04-14,"[[""2025-02-18"", ""CDF""], [""2025-03-03"", ""CDF""], [""2025-03-17"", ""CDF""], [""2025-03-31"", ""CDF""], [""2025-04-14"", ""CDF""]]","[""fac_e47843e933905919a6ded4591fe520f2::ice_iids_20250218"", ""fac_e47843e933905919a6ded4591fe520f2::ice_iids_20250303"", ""fac_e47843e933905919a6ded4591fe520f2::ice_iids_20250317"", ""fac_e47843e933905919a6ded4591fe520f2::ice_iids_20250331"", ""fac_e47843e933905919a6ded4591fe520f2::ice_iids_20250414""]",False,stable_bracketed_group,supported
AWARD:4102131fd0954513f6a23e79,fac_05379451b2a354a9a781c7c96896cc92,NORTHWEST ICE PROCESSING CENTER,2025-03-01,2025-03-31,cdf_spc,2025-02-18,2025-04-14,"[[""2025-02-18"", ""CDF""], [""2025-03-03"", ""CDF""], [""2025-03-17"", ""CDF""], [""2025-03-31"", ""CDF""], [""2025-04-14"", ""CDF""]]","[""fac_05379451b2a354a9a781c7c96896cc92::ice_iids_20250218"", ""fac_05379451b2a354a9a781c7c96896cc92::ice_iids_20250303"", ""fac_05379451b2a354a9a781c7c96896cc92::ice_iids_20250317"", ""fac_05379451b2a354a9a781c7c96896cc92::ice_iids_20250331"", ""fac_05379451b2a354a9a781c7c96896cc92::ice_iids_20250414""]",False,stable_bracketed_group,unresolved
AWARD:41878cadd669a349c67da572,fac_05379451b2a354a9a781c7c96896cc92,NORTHWEST ICE PROCESSING CENTER,2025-12-01,2025-12-31,cdf_spc,2025-11-28,2026-01-22,"[[""2025-11-28"", ""CDF""], [""2025-12-11"", ""CDF""], [""2025-12-26"", ""CDF""], [""2026-01-22"", ""CDF""]]","[""fac_05379451b2a354a9a781c7c96896cc92::ice_iids_20251128"", ""fac_05379451b2a354a9a781c7c96896cc92::ice_iids_20251211"", ""fac_05379451b2a354a9a781c7c96896cc92::ice_iids_20251226"", ""fac_05379451b2a354a9a781c7c96896cc92::ice_iids_20260122""]",False,stable_bracketed_group,unresolved
AWARD:467cf5e5e2e859ea1e0424b8,fac_8dedec600a8d54239cda868bd68ab097,KROME NORTH SERVICE PROCESSING CENTER,2026-07-01,2026-07-31,unresolved,2026-04-02,,"[[""2026-04-02"", ""SPC""], [""2026-07-09"", ""SPC""]]","[""fac_8dedec600a8d54239cda868bd68ab097::ice_iids_20260402"", ""fac_8dedec600a8d54239cda868bd68ab097::ice_iids_20260709""]",False,insufficient_ddp_period_coverage,unresolved
AWARD:4754f3ec63942f4d7c7be2cc,fac_c69513f1707e5984b9f89d701eda82e3,CAMP EAST MONTANA,2026-07-01,2026-07-31,cdf_spc,2026-04-02,,"[[""2026-04-02"", ""CDF""], [""2026-07-09"", ""CDF""]]","[""fac_c69513f1707e5984b9f89d701eda82e3::ice_iids_20260402"", ""fac_c69513f1707e5984b9f89d701eda82e3::ice_iids_20260709""]",True,approved_camp_east_override,supported
AWARD:50f69b042188205196dce790,fac_8dedec600a8d54239cda868bd68ab097,KROME NORTH SERVICE PROCESSING CENTER,2025-04-01,2025-04-30,cdf_spc,2025-03-31,2025-05-12,"[[""2025-03-31"", ""SPC""], [""2025-04-14"", ""SPC""], [""2025-04-28"", ""SPC""], [""2025-05-12"", ""SPC""]]","[""fac_8dedec600a8d54239cda868bd68ab097::ice_iids_20250331"", ""fac_8dedec600a8d54239cda868bd68ab097::ice_iids_20250414"", ""fac_8dedec600a8d54239cda868bd68ab097::ice_iids_20250428"", ""fac_8dedec600a8d54239cda868bd68ab097::ice_iids_20250512""]",False,stable_bracketed_group,unresolved
AWARD:549c996d3cc2ce57bdb03eb1,fac_e47843e933905919a6ded4591fe520f2,OTAY MESA DETENTION CENTER,2025-06-01,2025-06-30,cdf_spc,2025-05-27,2025-07-07,"[[""2025-05-27"", ""CDF""], [""2025-06-09"", ""CDF""], [""2025-06-23"", ""CDF""], [""2025-07-07"", ""CDF""]]","[""fac_e47843e933905919a6ded4591fe520f2::ice_iids_20250527"", ""fac_e47843e933905919a6ded4591fe520f2::ice_iids_20250609"", ""fac_e47843e933905919a6ded4591fe520f2::ice_iids_20250623"", ""fac_e47843e933905919a6ded4591fe520f2::ice_iids_20250707""]",False,stable_bracketed_group,supported
AWARD:5b435eb022f2a9175467bc2a,fac_c69513f1707e5984b9f89d701eda82e3,CAMP EAST MONTANA,2026-04-01,2026-04-30,cdf_spc,2026-02-05,2026-07-09,"[[""2026-02-05"", ""CDF""], [""2026-04-02"", ""CDF""], [""2026-07-09"", ""CDF""]]","[""fac_c69513f1707e5984b9f89d701eda82e3::ice_iids_20260205"", ""fac_c69513f1707e5984b9f89d701eda82e3::ice_iids_20260402"", ""fac_c69513f1707e5984b9f89d701eda82e3::ice_iids_20260709""]",True,approved_camp_east_override,supported
AWARD:5be02d0af4cdf6c3e24efc05,fac_05379451b2a354a9a781c7c96896cc92,NORTHWEST ICE PROCESSING CENTER,2026-02-01,2026-02-28,cdf_spc,2026-01-22,2026-04-02,"[[""2026-01-22"", ""CDF""], [""2026-02-05"", ""CDF""], [""2026-04-02"", ""CDF""]]","[""fac_05379451b2a354a9a781c7c96896cc92::ice_iids_20260122"", ""fac_05379451b2a354a9a781c7c96896cc92::ice_iids_20260205"", ""fac_05379451b2a354a9a781c7c96896cc92::ice_iids_20260402""]",False,stable_bracketed_group,unresolved
AWARD:63e34527fa880eecb32b5bc1,fac_2f4e5d06635352e38d691a7ee2f81ca0,"CCA, FLORENCE CORRECTIONAL CENTER",2026-01-01,2026-01-31,cdf_spc,2025-12-26,2026-02-05,"[[""2025-12-26"", ""USMS CDF""], [""2026-01-22"", ""USMS CDF""], [""2026-02-05"", ""USMS CDF""]]","[""fac_2f4e5d06635352e38d691a7ee2f81ca0::ice_iids_20251226"", ""fac_2f4e5d06635352e38d691a7ee2f81ca0::ice_iids_20260122"", ""fac_2f4e5d06635352e38d691a7ee2f81ca0::ice_iids_20260205""]",False,stable_bracketed_group,unresolved
AWARD:6483e0ffeb1c1579bd56dd5f,fac_2f4e5d06635352e38d691a7ee2f81ca0,"CCA, FLORENCE CORRECTIONAL CENTER",2026-04-01,2026-04-30,cdf_spc,2026-02-05,2026-07-09,"[[""2026-02-05"", ""USMS CDF""], [""2026-04-02"", ""USMS CDF""], [""2026-07-09"", ""USMS CDF""]]","[""fac_2f4e5d06635352e38d691a7ee2f81ca0::ice_iids_20260205"", ""fac_2f4e5d06635352e38d691a7ee2f81ca0::ice_iids_20260402"", ""fac_2f4e5d06635352e38d691a7ee2f81ca0::ice_iids_20260709""]",False,stable_bracketed_group,unresolved
AWARD:64b574028e8a56dcd77cf4e0,fac_2f4e5d06635352e38d691a7ee2f81ca0,"CCA, FLORENCE CORRECTIONAL CENTER",2025-09-01,2025-09-30,unresolved,2025-08-18,2025-11-10,"[[""2025-08-18"", ""USMS IGA""], [""2025-09-02"", ""USMS IGA""], [""2025-09-15"", ""USMS IGA""], [""2025-11-10"", ""USMS CDF""]]","[""fac_2f4e5d06635352e38d691a7ee2f81ca0::ice_iids_20250818"", ""fac_2f4e5d06635352e38d691a7ee2f81ca0::ice_iids_20250902"", ""fac_2f4e5d06635352e38d691a7ee2f81ca0::ice_iids_20250915"", ""fac_2f4e5d06635352e38d691a7ee2f81ca0::ice_iids_20251110""]",False,conflicting_or_unknown_ddp_group,unresolved
AWARD:64cf96e0e20f0dd8bdaccf3c,fac_8dedec600a8d54239cda868bd68ab097,KROME NORTH SERVICE PROCESSING CENTER,2025-10-01,2025-11-30,cdf_spc,2025-09-15,2025-12-11,"[[""2025-09-15"", ""SPC""], [""2025-11-10"", ""SPC""], [""2025-11-28"", ""SPC""], [""2025-12-11"", ""SPC""]]","[""fac_8dedec600a8d54239cda868bd68ab097::ice_iids_20250915"", ""fac_8dedec600a8d54239cda868bd68ab097::ice_iids_20251110"", ""fac_8dedec600a8d54239cda868bd68ab097::ice_iids_20251128"", ""fac_8dedec600a8d54239cda868bd68ab097::ice_iids_20251211""]",False,stable_bracketed_group,unresolved
AWARD:65a4a1fd6a78c14310a7201e,fac_db8ab1001ba3541383b036f773f9af2f,MESA VERDE ICE PROCESSING CENTER,2026-03-01,2026-03-31,cdf_spc,2026-02-05,2026-04-02,"[[""2026-02-05"", ""CDF""], [""2026-04-02"", ""CDF""]]","[""fac_db8ab1001ba3541383b036f773f9af2f::ice_iids_20260205"", ""fac_db8ab1001ba3541383b036f773f9af2f::ice_iids_20260402""]",False,stable_bracketed_group,supported
AWARD:65a4a1fd6a78c14310a7201e,fac_4357df2c2db55bdead9c08f8f2790e3d,GOLDEN STATE ANNEX,2026-03-01,2026-03-31,cdf_spc,2026-02-05,2026-04-02,"[[""2026-02-05"", ""CDF""], [""2026-04-02"", ""CDF""]]","[""fac_4357df2c2db55bdead9c08f8f2790e3d::ice_iids_20260205"", ""fac_4357df2c2db55bdead9c08f8f2790e3d::ice_iids_20260402""]",False,stable_bracketed_group,supported
AWARD:65a4a1fd6a78c14310a7201e,fac_8d7dd3307acc5e6e91e82603058ec846,CENTRAL VALLEY ANNEX,2026-03-01,2026-03-31,unresolved,,2026-07-09,"[[""2026-07-09"", ""CDF""]]","[""fac_8d7dd3307acc5e6e91e82603058ec846::ice_iids_20260709""]",False,insufficient_ddp_period_coverage,supported
AWARD:72a69c069a2d125cacde8708,fac_e47843e933905919a6ded4591fe520f2,OTAY MESA DETENTION CENTER,2025-08-01,2025-08-31,cdf_spc,2025-07-21,2025-09-02,"[[""2025-07-21"", ""CDF""], [""2025-08-04"", ""CDF""], [""2025-08-18"", ""CDF""], [""2025-09-02"", ""CDF""]]","[""fac_e47843e933905919a6ded4591fe520f2::ice_iids_20250721"", ""fac_e47843e933905919a6ded4591fe520f2::ice_iids_20250804"", ""fac_e47843e933905919a6ded4591fe520f2::ice_iids_20250818"", ""fac_e47843e933905919a6ded4591fe520f2::ice_iids_20250902""]",False,stable_bracketed_group,supported
AWARD:72fa16e5c0bbb61af7903e9c,fac_8dedec600a8d54239cda868bd68ab097,KROME NORTH SERVICE PROCESSING CENTER,2025-09-01,2025-09-30,cdf_spc,2025-08-18,2025-11-10,"[[""2025-08-18"", ""SPC""], [""2025-09-02"", ""SPC""], [""2025-09-15"", ""SPC""], [""2025-11-10"", ""SPC""]]","[""fac_8dedec600a8d54239cda868bd68ab097::ice_iids_20250818"", ""fac_8dedec600a8d54239cda868bd68ab097::ice_iids_20250902"", ""fac_8dedec600a8d54239cda868bd68ab097::ice_iids_20250915"", ""fac_8dedec600a8d54239cda868bd68ab097::ice_iids_20251110""]",False,stable_bracketed_group,unresolved
AWARD:786330192f038550b1b64a66,fac_05379451b2a354a9a781c7c96896cc92,NORTHWEST ICE PROCESSING CENTER,2025-04-01,2025-04-30,cdf_spc,2025-03-31,2025-05-12,"[[""2025-03-31"", ""CDF""], [""2025-04-14"", ""CDF""], [""2025-04-28"", ""CDF""], [""2025-05-12"", ""CDF""]]","[""fac_05379451b2a354a9a781c7c96896cc92::ice_iids_20250331"", ""fac_05379451b2a354a9a781c7c96896cc92::ice_iids_20250414"", ""fac_05379451b2a354a9a781c7c96896cc92::ice_iids_20250428"", ""fac_05379451b2a354a9a781c7c96896cc92::ice_iids_20250512""]",False,stable_bracketed_group,unresolved
AWARD:7dfe375606a9ea7369e68c90,fac_e47843e933905919a6ded4591fe520f2,OTAY MESA DETENTION CENTER,2026-01-01,2026-01-31,cdf_spc,2025-12-26,2026-02-05,"[[""2025-12-26"", ""CDF""], [""2026-01-22"", ""CDF""], [""2026-02-05"", ""CDF""]]","[""fac_e47843e933905919a6ded4591fe520f2::ice_iids_20251226"", ""fac_e47843e933905919a6ded4591fe520f2::ice_iids_20260122"", ""fac_e47843e933905919a6ded4591fe520f2::ice_iids_20260205""]",False,stable_bracketed_group,supported
AWARD:8233ba4a8a4f8e3731d57760,fac_e47843e933905919a6ded4591fe520f2,OTAY MESA DETENTION CENTER,2025-09-01,2025-09-30,cdf_spc,2025-08-18,2025-11-10,"[[""2025-08-18"", ""CDF""], [""2025-09-02"", ""CDF""], [""2025-09-15"", ""CDF""], [""2025-11-10"", ""CDF""]]","[""fac_e47843e933905919a6ded4591fe520f2::ice_iids_20250818"", ""fac_e47843e933905919a6ded4591fe520f2::ice_iids_20250902"", ""fac_e47843e933905919a6ded4591fe520f2::ice_iids_20250915"", ""fac_e47843e933905919a6ded4591fe520f2::ice_iids_20251110""]",False,stable_bracketed_group,supported
AWARD:82f9da8d01a999e90c9c3964,fac_05379451b2a354a9a781c7c96896cc92,NORTHWEST ICE PROCESSING CENTER,2025-02-01,2025-02-28,cdf_spc,2025-01-21,2025-03-03,"[[""2025-01-21"", ""CDF""], [""2025-02-18"", ""CDF""], [""2025-03-03"", ""CDF""]]","[""fac_05379451b2a354a9a781c7c96896cc92::ice_iids_20250121"", ""fac_05379451b2a354a9a781c7c96896cc92::ice_iids_20250218"", ""fac_05379451b2a354a9a781c7c96896cc92::ice_iids_20250303""]",False,stable_bracketed_group,unresolved
AWARD:874994a3304fde4912e2ad94,fac_e47843e933905919a6ded4591fe520f2,OTAY MESA DETENTION CENTER,2026-02-01,2026-02-28,cdf_spc,2026-01-22,2026-04-02,"[[""2026-01-22"", ""CDF""], [""2026-02-05"", ""CDF""], [""2026-04-02"", ""CDF""]]","[""fac_e47843e933905919a6ded4591fe520f2::ice_iids_20260122"", ""fac_e47843e933905919a6ded4591fe520f2::ice_iids_20260205"", ""fac_e47843e933905919a6ded4591fe520f2::ice_iids_20260402""]",False,stable_bracketed_group,supported
AWARD:87a5e37573e120000e188c1e,fac_2f4e5d06635352e38d691a7ee2f81ca0,"CCA, FLORENCE CORRECTIONAL CENTER",2026-07-01,2026-07-31,unresolved,2026-04-02,,"[[""2026-04-02"", ""USMS CDF""], [""2026-07-09"", ""USMS CDF""]]","[""fac_2f4e5d06635352e38d691a7ee2f81ca0::ice_iids_20260402"", ""fac_2f4e5d06635352e38d691a7ee2f81ca0::ice_iids_20260709""]",False,insufficient_ddp_period_coverage,unresolved
AWARD:8b76f411232d461aed567f58,fac_db8ab1001ba3541383b036f773f9af2f,MESA VERDE ICE PROCESSING CENTER,2026-05-01,2026-05-31,cdf_spc,2026-04-02,2026-07-09,"[[""2026-04-02"", ""CDF""], [""2026-07-09"", ""CDF""]]","[""fac_db8ab1001ba3541383b036f773f9af2f::ice_iids_20260402"", ""fac_db8ab1001ba3541383b036f773f9af2f::ice_iids_20260709""]",False,stable_bracketed_group,supported
AWARD:8b76f411232d461aed567f58,fac_4357df2c2db55bdead9c08f8f2790e3d,GOLDEN STATE ANNEX,2026-05-01,2026-05-31,cdf_spc,2026-04-02,2026-07-09,"[[""2026-04-02"", ""CDF""], [""2026-07-09"", ""CDF""]]","[""fac_4357df2c2db55bdead9c08f8f2790e3d::ice_iids_20260402"", ""fac_4357df2c2db55bdead9c08f8f2790e3d::ice_iids_20260709""]",False,stable_bracketed_group,supported
AWARD:8b76f411232d461aed567f58,fac_8d7dd3307acc5e6e91e82603058ec846,CENTRAL VALLEY ANNEX,2026-05-01,2026-05-31,unresolved,,2026-07-09,"[[""2026-07-09"", ""CDF""]]","[""fac_8d7dd3307acc5e6e91e82603058ec846::ice_iids_20260709""]",False,insufficient_ddp_period_coverage,supported
AWARD:8ec29f3f200a9df17559c3af,fac_2f4e5d06635352e38d691a7ee2f81ca0,"CCA, FLORENCE CORRECTIONAL CENTER",2026-06-01,2026-06-30,cdf_spc,2026-04-02,2026-07-09,"[[""2026-04-02"", ""USMS CDF""], [""2026-07-09"", ""USMS CDF""]]","[""fac_2f4e5d06635352e38d691a7ee2f81ca0::ice_iids_20260402"", ""fac_2f4e5d06635352e38d691a7ee2f81ca0::ice_iids_20260709""]",False,stable_bracketed_group,unresolved
AWARD:9a4d6a0d309c522df807eb10,fac_c69513f1707e5984b9f89d701eda82e3,CAMP EAST MONTANA,2026-02-01,2026-02-28,cdf_spc,2026-01-22,2026-04-02,"[[""2026-01-22"", ""CDF""], [""2026-02-05"", ""CDF""], [""2026-04-02"", ""CDF""]]","[""fac_c69513f1707e5984b9f89d701eda82e3::ice_iids_20260122"", ""fac_c69513f1707e5984b9f89d701eda82e3::ice_iids_20260205"", ""fac_c69513f1707e5984b9f89d701eda82e3::ice_iids_20260402""]",True,approved_camp_east_override,supported
AWARD:a08c6631c2f366c32b1814e2,fac_8dedec600a8d54239cda868bd68ab097,KROME NORTH SERVICE PROCESSING CENTER,2025-05-01,2025-05-31,cdf_spc,2025-04-28,2025-06-09,"[[""2025-04-28"", ""SPC""], [""2025-05-12"", ""SPC""], [""2025-05-27"", ""SPC""], [""2025-06-09"", ""SPC""]]","[""fac_8dedec600a8d54239cda868bd68ab097::ice_iids_20250428"", ""fac_8dedec600a8d54239cda868bd68ab097::ice_iids_20250512"", ""fac_8dedec600a8d54239cda868bd68ab097::ice_iids_20250527"", ""fac_8dedec600a8d54239cda868bd68ab097::ice_iids_20250609""]",False,stable_bracketed_group,unresolved
AWARD:a20d0b75bf95c8c73fe0131e,fac_c69513f1707e5984b9f89d701eda82e3,CAMP EAST MONTANA,2026-07-01,2026-07-31,cdf_spc,2026-04-02,,"[[""2026-04-02"", ""CDF""], [""2026-07-09"", ""CDF""]]","[""fac_c69513f1707e5984b9f89d701eda82e3::ice_iids_20260402"", ""fac_c69513f1707e5984b9f89d701eda82e3::ice_iids_20260709""]",True,approved_camp_east_override,supported
AWARD:ad913b27bab1fb6fc47a3dca,fac_e47843e933905919a6ded4591fe520f2,OTAY MESA DETENTION CENTER,2025-10-01,2025-11-30,cdf_spc,2025-09-15,2025-12-11,"[[""2025-09-15"", ""CDF""], [""2025-11-10"", ""CDF""], [""2025-11-28"", ""CDF""], [""2025-12-11"", ""CDF""]]","[""fac_e47843e933905919a6ded4591fe520f2::ice_iids_20250915"", ""fac_e47843e933905919a6ded4591fe520f2::ice_iids_20251110"", ""fac_e47843e933905919a6ded4591fe520f2::ice_iids_20251128"", ""fac_e47843e933905919a6ded4591fe520f2::ice_iids_20251211""]",False,stable_bracketed_group,supported
AWARD:af43b341d540f42289301583,fac_e47843e933905919a6ded4591fe520f2,OTAY MESA DETENTION CENTER,2026-05-01,2026-05-31,cdf_spc,2026-04-02,2026-07-09,"[[""2026-04-02"", ""CDF""], [""2026-07-09"", ""CDF""]]","[""fac_e47843e933905919a6ded4591fe520f2::ice_iids_20260402"", ""fac_e47843e933905919a6ded4591fe520f2::ice_iids_20260709""]",False,stable_bracketed_group,supported
AWARD:af8d7fb0b7d20515a1304f62,fac_2f4e5d06635352e38d691a7ee2f81ca0,"CCA, FLORENCE CORRECTIONAL CENTER",2025-12-01,2025-12-31,cdf_spc,2025-11-28,2026-01-22,"[[""2025-11-28"", ""USMS CDF""], [""2025-12-11"", ""USMS CDF""], [""2025-12-26"", ""USMS CDF""], [""2026-01-22"", ""USMS CDF""]]","[""fac_2f4e5d06635352e38d691a7ee2f81ca0::ice_iids_20251128"", ""fac_2f4e5d06635352e38d691a7ee2f81ca0::ice_iids_20251211"", ""fac_2f4e5d06635352e38d691a7ee2f81ca0::ice_iids_20251226"", ""fac_2f4e5d06635352e38d691a7ee2f81ca0::ice_iids_20260122""]",False,stable_bracketed_group,unresolved
AWARD:b1379b714480f0460dc410cc,fac_8dedec600a8d54239cda868bd68ab097,KROME NORTH SERVICE PROCESSING CENTER,2026-06-01,2026-06-30,cdf_spc,2026-04-02,2026-07-09,"[[""2026-04-02"", ""SPC""], [""2026-07-09"", ""SPC""]]","[""fac_8dedec600a8d54239cda868bd68ab097::ice_iids_20260402"", ""fac_8dedec600a8d54239cda868bd68ab097::ice_iids_20260709""]",False,stable_bracketed_group,unresolved
AWARD:ba47d930cd053dcba5557ee4,fac_e47843e933905919a6ded4591fe520f2,OTAY MESA DETENTION CENTER,2025-04-01,2025-04-30,cdf_spc,2025-03-31,2025-05-12,"[[""2025-03-31"", ""CDF""], [""2025-04-14"", ""CDF""], [""2025-04-28"", ""CDF""], [""2025-05-12"", ""CDF""]]","[""fac_e47843e933905919a6ded4591fe520f2::ice_iids_20250331"", ""fac_e47843e933905919a6ded4591fe520f2::ice_iids_20250414"", ""fac_e47843e933905919a6ded4591fe520f2::ice_iids_20250428"", ""fac_e47843e933905919a6ded4591fe520f2::ice_iids_20250512""]",False,stable_bracketed_group,supported
AWARD:bf331cbea940211db5ff6474,fac_e47843e933905919a6ded4591fe520f2,OTAY MESA DETENTION CENTER,2025-05-01,2025-05-31,cdf_spc,2025-04-28,2025-06-09,"[[""2025-04-28"", ""CDF""], [""2025-05-12"", ""CDF""], [""2025-05-27"", ""CDF""], [""2025-06-09"", ""CDF""]]","[""fac_e47843e933905919a6ded4591fe520f2::ice_iids_20250428"", ""fac_e47843e933905919a6ded4591fe520f2::ice_iids_20250512"", ""fac_e47843e933905919a6ded4591fe520f2::ice_iids_20250527"", ""fac_e47843e933905919a6ded4591fe520f2::ice_iids_20250609""]",False,stable_bracketed_group,supported
AWARD:c0e47cca36e3224517c4dcee,fac_c69513f1707e5984b9f89d701eda82e3,CAMP EAST MONTANA,2026-03-01,2026-03-31,cdf_spc,2026-02-05,2026-04-02,"[[""2026-02-05"", ""CDF""], [""2026-04-02"", ""CDF""]]","[""fac_c69513f1707e5984b9f89d701eda82e3::ice_iids_20260205"", ""fac_c69513f1707e5984b9f89d701eda82e3::ice_iids_20260402""]",True,approved_camp_east_override,supported
AWARD:c3191b1a482ab06b9264bd3c,fac_db8ab1001ba3541383b036f773f9af2f,MESA VERDE ICE PROCESSING CENTER,2026-06-01,2026-06-30,cdf_spc,2026-04-02,2026-07-09,"[[""2026-04-02"", ""CDF""], [""2026-07-09"", ""CDF""]]","[""fac_db8ab1001ba3541383b036f773f9af2f::ice_iids_20260402"", ""fac_db8ab1001ba3541383b036f773f9af2f::ice_iids_20260709""]",False,stable_bracketed_group,supported
AWARD:c3191b1a482ab06b9264bd3c,fac_4357df2c2db55bdead9c08f8f2790e3d,GOLDEN STATE ANNEX,2026-06-01,2026-06-30,cdf_spc,2026-04-02,2026-07-09,"[[""2026-04-02"", ""CDF""], [""2026-07-09"", ""CDF""]]","[""fac_4357df2c2db55bdead9c08f8f2790e3d::ice_iids_20260402"", ""fac_4357df2c2db55bdead9c08f8f2790e3d::ice_iids_20260709""]",False,stable_bracketed_group,supported
AWARD:c3191b1a482ab06b9264bd3c,fac_8d7dd3307acc5e6e91e82603058ec846,CENTRAL VALLEY ANNEX,2026-06-01,2026-06-30,unresolved,,2026-07-09,"[[""2026-07-09"", ""CDF""]]","[""fac_8d7dd3307acc5e6e91e82603058ec846::ice_iids_20260709""]",False,insufficient_ddp_period_coverage,supported
AWARD:c75272bb0d9288c65d7a3fe2,fac_8dedec600a8d54239cda868bd68ab097,KROME NORTH SERVICE PROCESSING CENTER,2025-06-01,2025-06-30,cdf_spc,2025-05-27,2025-07-07,"[[""2025-05-27"", ""SPC""], [""2025-06-09"", ""SPC""], [""2025-06-23"", ""SPC""], [""2025-07-07"", ""SPC""]]","[""fac_8dedec600a8d54239cda868bd68ab097::ice_iids_20250527"", ""fac_8dedec600a8d54239cda868bd68ab097::ice_iids_20250609"", ""fac_8dedec600a8d54239cda868bd68ab097::ice_iids_20250623"", ""fac_8dedec600a8d54239cda868bd68ab097::ice_iids_20250707""]",False,stable_bracketed_group,unresolved
AWARD:ca684acf2df27a3d6979c356,fac_c69513f1707e5984b9f89d701eda82e3,CAMP EAST MONTANA,2025-10-01,2025-11-30,cdf_spc,2025-09-15,2025-12-11,"[[""2025-09-15"", ""DOD""], [""2025-11-10"", ""CDF""], [""2025-11-28"", ""CDF""], [""2025-12-11"", ""CDF""]]","[""fac_c69513f1707e5984b9f89d701eda82e3::ice_iids_20250915"", ""fac_c69513f1707e5984b9f89d701eda82e3::ice_iids_20251110"", ""fac_c69513f1707e5984b9f89d701eda82e3::ice_iids_20251128"", ""fac_c69513f1707e5984b9f89d701eda82e3::ice_iids_20251211""]",True,approved_camp_east_override,supported
AWARD:cc4797d0e904fb3b5d65cac4,fac_8dedec600a8d54239cda868bd68ab097,KROME NORTH SERVICE PROCESSING CENTER,2025-03-01,2025-03-31,cdf_spc,2025-02-18,2025-04-14,"[[""2025-02-18"", ""SPC""], [""2025-03-03"", ""SPC""], [""2025-03-17"", ""SPC""], [""2025-03-31"", ""SPC""], [""2025-04-14"", ""SPC""]]","[""fac_8dedec600a8d54239cda868bd68ab097::ice_iids_20250218"", ""fac_8dedec600a8d54239cda868bd68ab097::ice_iids_20250303"", ""fac_8dedec600a8d54239cda868bd68ab097::ice_iids_20250317"", ""fac_8dedec600a8d54239cda868bd68ab097::ice_iids_20250331"", ""fac_8dedec600a8d54239cda868bd68ab097::ice_iids_20250414""]",False,stable_bracketed_group,unresolved
AWARD:cd0c779d21a202edd98f2b49,fac_2f4e5d06635352e38d691a7ee2f81ca0,"CCA, FLORENCE CORRECTIONAL CENTER",2025-10-01,2025-11-30,unresolved,2025-09-15,2025-12-11,"[[""2025-09-15"", ""USMS IGA""], [""2025-11-10"", ""USMS CDF""], [""2025-11-28"", ""USMS CDF""], [""2025-12-11"", ""USMS CDF""]]","[""fac_2f4e5d06635352e38d691a7ee2f81ca0::ice_iids_20250915"", ""fac_2f4e5d06635352e38d691a7ee2f81ca0::ice_iids_20251110"", ""fac_2f4e5d06635352e38d691a7ee2f81ca0::ice_iids_20251128"", ""fac_2f4e5d06635352e38d691a7ee2f81ca0::ice_iids_20251211""]",False,conflicting_or_unknown_ddp_group,unresolved
AWARD:cd508c255ca16bc2d0554c65,fac_e47843e933905919a6ded4591fe520f2,OTAY MESA DETENTION CENTER,2026-03-01,2026-03-31,cdf_spc,2026-02-05,2026-04-02,"[[""2026-02-05"", ""CDF""], [""2026-04-02"", ""CDF""]]","[""fac_e47843e933905919a6ded4591fe520f2::ice_iids_20260205"", ""fac_e47843e933905919a6ded4591fe520f2::ice_iids_20260402""]",False,stable_bracketed_group,supported
AWARD:cd86d708ab92dd0c7077ad3a,fac_c69513f1707e5984b9f89d701eda82e3,CAMP EAST MONTANA,2026-05-01,2026-05-31,cdf_spc,2026-04-02,2026-07-09,"[[""2026-04-02"", ""CDF""], [""2026-07-09"", ""CDF""]]","[""fac_c69513f1707e5984b9f89d701eda82e3::ice_iids_20260402"", ""fac_c69513f1707e5984b9f89d701eda82e3::ice_iids_20260709""]",True,approved_camp_east_override,supported
AWARD:d5396d8b9d094363c02a8ac0,fac_db8ab1001ba3541383b036f773f9af2f,MESA VERDE ICE PROCESSING CENTER,2026-07-01,2026-07-31,unresolved,2026-04-02,,"[[""2026-04-02"", ""CDF""], [""2026-07-09"", ""CDF""]]","[""fac_db8ab1001ba3541383b036f773f9af2f::ice_iids_20260402"", ""fac_db8ab1001ba3541383b036f773f9af2f::ice_iids_20260709""]",False,insufficient_ddp_period_coverage,supported
AWARD:d5396d8b9d094363c02a8ac0,fac_4357df2c2db55bdead9c08f8f2790e3d,GOLDEN STATE ANNEX,2026-07-01,2026-07-31,unresolved,2026-04-02,,"[[""2026-04-02"", ""CDF""], [""2026-07-09"", ""CDF""]]","[""fac_4357df2c2db55bdead9c08f8f2790e3d::ice_iids_20260402"", ""fac_4357df2c2db55bdead9c08f8f2790e3d::ice_iids_20260709""]",False,insufficient_ddp_period_coverage,supported
AWARD:d5396d8b9d094363c02a8ac0,fac_8d7dd3307acc5e6e91e82603058ec846,CENTRAL VALLEY ANNEX,2026-07-01,2026-07-31,unresolved,,,"[[""2026-07-09"", ""CDF""]]","[""fac_8d7dd3307acc5e6e91e82603058ec846::ice_iids_20260709""]",False,insufficient_ddp_period_coverage,supported
AWARD:d6c146b26ba524a832f9e6b4,fac_8dedec600a8d54239cda868bd68ab097,KROME NORTH SERVICE PROCESSING CENTER,2026-04-01,2026-04-30,cdf_spc,2026-02-05,2026-07-09,"[[""2026-02-05"", ""SPC""], [""2026-04-02"", ""SPC""], [""2026-07-09"", ""SPC""]]","[""fac_8dedec600a8d54239cda868bd68ab097::ice_iids_20260205"", ""fac_8dedec600a8d54239cda868bd68ab097::ice_iids_20260402"", ""fac_8dedec600a8d54239cda868bd68ab097::ice_iids_20260709""]",False,stable_bracketed_group,unresolved
AWARD:da30a67d90581d84358b59e0,fac_c69513f1707e5984b9f89d701eda82e3,CAMP EAST MONTANA,2026-06-01,2026-06-30,cdf_spc,2026-04-02,2026-07-09,"[[""2026-04-02"", ""CDF""], [""2026-07-09"", ""CDF""]]","[""fac_c69513f1707e5984b9f89d701eda82e3::ice_iids_20260402"", ""fac_c69513f1707e5984b9f89d701eda82e3::ice_iids_20260709""]",True,approved_camp_east_override,supported
AWARD:dd3fb3b8708b093a17a77e91,fac_05379451b2a354a9a781c7c96896cc92,NORTHWEST ICE PROCESSING CENTER,2025-06-01,2025-06-30,cdf_spc,2025-05-27,2025-07-07,"[[""2025-05-27"", ""CDF""], [""2025-06-09"", ""CDF""], [""2025-06-23"", ""CDF""], [""2025-07-07"", ""CDF""]]","[""fac_05379451b2a354a9a781c7c96896cc92::ice_iids_20250527"", ""fac_05379451b2a354a9a781c7c96896cc92::ice_iids_20250609"", ""fac_05379451b2a354a9a781c7c96896cc92::ice_iids_20250623"", ""fac_05379451b2a354a9a781c7c96896cc92::ice_iids_20250707""]",False,stable_bracketed_group,unresolved
AWARD:dfdb96b834ab2ac7cb6e79d3,fac_8dedec600a8d54239cda868bd68ab097,KROME NORTH SERVICE PROCESSING CENTER,2026-05-01,2026-05-31,cdf_spc,2026-04-02,2026-07-09,"[[""2026-04-02"", ""SPC""], [""2026-07-09"", ""SPC""]]","[""fac_8dedec600a8d54239cda868bd68ab097::ice_iids_20260402"", ""fac_8dedec600a8d54239cda868bd68ab097::ice_iids_20260709""]",False,stable_bracketed_group,unresolved
AWARD:e0f6ee9bbdd641e00491111f,fac_c69513f1707e5984b9f89d701eda82e3,CAMP EAST MONTANA,2026-03-01,2026-03-31,cdf_spc,2026-02-05,2026-04-02,"[[""2026-02-05"", ""CDF""], [""2026-04-02"", ""CDF""]]","[""fac_c69513f1707e5984b9f89d701eda82e3::ice_iids_20260205"", ""fac_c69513f1707e5984b9f89d701eda82e3::ice_iids_20260402""]",True,approved_camp_east_override,supported
AWARD:e469f9ad724b2711d4bc100c,fac_2f4e5d06635352e38d691a7ee2f81ca0,"CCA, FLORENCE CORRECTIONAL CENTER",2025-05-01,2025-05-31,igsa_facility,2025-04-28,2025-06-09,"[[""2025-04-28"", ""USMS IGA""], [""2025-05-12"", ""USMS IGA""], [""2025-05-27"", ""USMS IGA""], [""2025-06-09"", ""USMS IGA""]]","[""fac_2f4e5d06635352e38d691a7ee2f81ca0::ice_iids_20250428"", ""fac_2f4e5d06635352e38d691a7ee2f81ca0::ice_iids_20250512"", ""fac_2f4e5d06635352e38d691a7ee2f81ca0::ice_iids_20250527"", ""fac_2f4e5d06635352e38d691a7ee2f81ca0::ice_iids_20250609""]",False,stable_bracketed_group,unresolved
AWARD:e510f3f27f5f9235082fcd70,fac_05379451b2a354a9a781c7c96896cc92,NORTHWEST ICE PROCESSING CENTER,2025-09-01,2025-09-30,cdf_spc,2025-08-18,2025-11-10,"[[""2025-08-18"", ""CDF""], [""2025-09-02"", ""CDF""], [""2025-09-15"", ""CDF""], [""2025-11-10"", ""CDF""]]","[""fac_05379451b2a354a9a781c7c96896cc92::ice_iids_20250818"", ""fac_05379451b2a354a9a781c7c96896cc92::ice_iids_20250902"", ""fac_05379451b2a354a9a781c7c96896cc92::ice_iids_20250915"", ""fac_05379451b2a354a9a781c7c96896cc92::ice_iids_20251110""]",False,stable_bracketed_group,unresolved
AWARD:e60176ccf40e830a1560609e,fac_c69513f1707e5984b9f89d701eda82e3,CAMP EAST MONTANA,2026-01-01,2026-01-31,cdf_spc,2025-12-26,2026-02-05,"[[""2025-12-26"", ""CDF""], [""2026-01-22"", ""CDF""], [""2026-02-05"", ""CDF""]]","[""fac_c69513f1707e5984b9f89d701eda82e3::ice_iids_20251226"", ""fac_c69513f1707e5984b9f89d701eda82e3::ice_iids_20260122"", ""fac_c69513f1707e5984b9f89d701eda82e3::ice_iids_20260205""]",True,approved_camp_east_override,supported
AWARD:e62eb2e6b35ea0b1864c2274,fac_c69513f1707e5984b9f89d701eda82e3,CAMP EAST MONTANA,2025-12-01,2025-12-31,cdf_spc,2025-11-28,2026-01-22,"[[""2025-11-28"", ""CDF""], [""2025-12-11"", ""CDF""], [""2025-12-26"", ""CDF""], [""2026-01-22"", ""CDF""]]","[""fac_c69513f1707e5984b9f89d701eda82e3::ice_iids_20251128"", ""fac_c69513f1707e5984b9f89d701eda82e3::ice_iids_20251211"", ""fac_c69513f1707e5984b9f89d701eda82e3::ice_iids_20251226"", ""fac_c69513f1707e5984b9f89d701eda82e3::ice_iids_20260122""]",True,approved_camp_east_override,supported
AWARD:e81a42251de8393046ad4a54,fac_8dedec600a8d54239cda868bd68ab097,KROME NORTH SERVICE PROCESSING CENTER,2025-12-01,2025-12-31,cdf_spc,2025-11-28,2026-01-22,"[[""2025-11-28"", ""SPC""], [""2025-12-11"", ""SPC""], [""2025-12-26"", ""SPC""], [""2026-01-22"", ""SPC""]]","[""fac_8dedec600a8d54239cda868bd68ab097::ice_iids_20251128"", ""fac_8dedec600a8d54239cda868bd68ab097::ice_iids_20251211"", ""fac_8dedec600a8d54239cda868bd68ab097::ice_iids_20251226"", ""fac_8dedec600a8d54239cda868bd68ab097::ice_iids_20260122""]",False,stable_bracketed_group,unresolved
AWARD:e98c49ee4077855693a52f56,fac_05379451b2a354a9a781c7c96896cc92,NORTHWEST ICE PROCESSING CENTER,2025-08-01,2025-08-31,cdf_spc,2025-07-21,2025-09-02,"[[""2025-07-21"", ""CDF""], [""2025-08-04"", ""CDF""], [""2025-08-18"", ""CDF""], [""2025-09-02"", ""CDF""]]","[""fac_05379451b2a354a9a781c7c96896cc92::ice_iids_20250721"", ""fac_05379451b2a354a9a781c7c96896cc92::ice_iids_20250804"", ""fac_05379451b2a354a9a781c7c96896cc92::ice_iids_20250818"", ""fac_05379451b2a354a9a781c7c96896cc92::ice_iids_20250902""]",False,stable_bracketed_group,unresolved
AWARD:ec3ff9a4f3f5de48ccf2bce8,fac_8dedec600a8d54239cda868bd68ab097,KROME NORTH SERVICE PROCESSING CENTER,2025-07-01,2025-07-31,cdf_spc,2025-06-23,2025-08-04,"[[""2025-06-23"", ""SPC""], [""2025-07-07"", ""SPC""], [""2025-07-21"", ""SPC""], [""2025-08-04"", ""SPC""]]","[""fac_8dedec600a8d54239cda868bd68ab097::ice_iids_20250623"", ""fac_8dedec600a8d54239cda868bd68ab097::ice_iids_20250707"", ""fac_8dedec600a8d54239cda868bd68ab097::ice_iids_20250721"", ""fac_8dedec600a8d54239cda868bd68ab097::ice_iids_20250804""]",False,stable_bracketed_group,unresolved
AWARD:ec78e4143eba3aeddfcb233f,fac_e47843e933905919a6ded4591fe520f2,OTAY MESA DETENTION CENTER,2026-06-01,2026-06-30,cdf_spc,2026-04-02,2026-07-09,"[[""2026-04-02"", ""CDF""], [""2026-07-09"", ""CDF""]]","[""fac_e47843e933905919a6ded4591fe520f2::ice_iids_20260402"", ""fac_e47843e933905919a6ded4591fe520f2::ice_iids_20260709""]",False,stable_bracketed_group,supported
AWARD:ee2e123fdff17133f07cf31c,fac_05379451b2a354a9a781c7c96896cc92,NORTHWEST ICE PROCESSING CENTER,2025-05-01,2025-05-31,cdf_spc,2025-04-28,2025-06-09,"[[""2025-04-28"", ""CDF""], [""2025-05-12"", ""CDF""], [""2025-05-27"", ""CDF""], [""2025-06-09"", ""CDF""]]","[""fac_05379451b2a354a9a781c7c96896cc92::ice_iids_20250428"", ""fac_05379451b2a354a9a781c7c96896cc92::ice_iids_20250512"", ""fac_05379451b2a354a9a781c7c96896cc92::ice_iids_20250527"", ""fac_05379451b2a354a9a781c7c96896cc92::ice_iids_20250609""]",False,stable_bracketed_group,unresolved
AWARD:f347e28fb2422c73ad8bead1,fac_05379451b2a354a9a781c7c96896cc92,NORTHWEST ICE PROCESSING CENTER,2025-10-01,2025-11-30,cdf_spc,2025-09-15,2025-12-11,"[[""2025-09-15"", ""CDF""], [""2025-11-10"", ""CDF""], [""2025-11-28"", ""CDF""], [""2025-12-11"", ""CDF""]]","[""fac_05379451b2a354a9a781c7c96896cc92::ice_iids_20250915"", ""fac_05379451b2a354a9a781c7c96896cc92::ice_iids_20251110"", ""fac_05379451b2a354a9a781c7c96896cc92::ice_iids_20251128"", ""fac_05379451b2a354a9a781c7c96896cc92::ice_iids_20251211""]",False,stable_bracketed_group,unresolved
AWARD:fafbf1d9069f811d0733bbf7,fac_05379451b2a354a9a781c7c96896cc92,NORTHWEST ICE PROCESSING CENTER,2026-03-01,2026-03-31,cdf_spc,2026-02-05,2026-04-02,"[[""2026-02-05"", ""CDF""], [""2026-04-02"", ""CDF""]]","[""fac_05379451b2a354a9a781c7c96896cc92::ice_iids_20260205"", ""fac_05379451b2a354a9a781c7c96896cc92::ice_iids_20260402""]",False,stable_bracketed_group,unresolved
AWARD:ff2618be07c06abc03f15d42,fac_e47843e933905919a6ded4591fe520f2,OTAY MESA DETENTION CENTER,2025-12-01,2025-12-31,cdf_spc,2025-11-28,2026-01-22,"[[""2025-11-28"", ""CDF""], [""2025-12-11"", ""CDF""], [""2025-12-26"", ""CDF""], [""2026-01-22"", ""CDF""]]","[""fac_e47843e933905919a6ded4591fe520f2::ice_iids_20251128"", ""fac_e47843e933905919a6ded4591fe520f2::ice_iids_20251211"", ""fac_e47843e933905919a6ded4591fe520f2::ice_iids_20251226"", ""fac_e47843e933905919a6ded4591fe520f2::ice_iids_20260122""]",False,stable_bracketed_group,supported
AWARD:ff6bae79f5c053467d1cc835,fac_05379451b2a354a9a781c7c96896cc92,NORTHWEST ICE PROCESSING CENTER,2026-06-01,2026-06-30,cdf_spc,2026-04-02,2026-07-09,"[[""2026-04-02"", ""CDF""], [""2026-07-09"", ""CDF""]]","[""fac_05379451b2a354a9a781c7c96896cc92::ice_iids_20260402"", ""fac_05379451b2a354a9a781c7c96896cc92::ice_iids_20260709""]",False,stable_bracketed_group,unresolved
