key,recipient_uei,recipient_name,type,evidence_url,basis,review_status,relationship_url,checked_date
uei:C182PM2K1463,C182PM2K1463,LEMOINE DISASTER RECOVERY LLC,Other private contractors,https://api.usaspending.gov/api/v2/awards/CONT_AWD_70CDCR25FR0000055_7012_70CDCR25D00000048_7012/,Official recipient business categories support private entity; not in the approved selected detention contractor list. This is not a finding of no detention role.,reviewed,,2026-09-23
uei:C1G6S1HJFEQ4,C1G6S1HJFEQ4,RESPONSIVE DEPLOYMENT LLC,Other private contractors,https://api.usaspending.gov/api/v2/awards/CONT_AWD_70CDCR25FR0000074_7012_70CDCR25D00000027_7012/,Official recipient business categories support private entity; not in the approved selected detention contractor list. This is not a finding of no detention role.,reviewed,,2026-09-23
uei:C2NPR6G6LU55,C2NPR6G6LU55,"COX VIRGINIA TELCOM, L.L.C",Other private contractors,https://api.usaspending.gov/api/v2/awards/CONT_AWD_70CMSD25P00000103_7012_-NONE-_-NONE-/,Official recipient business categories support private entity; not in the approved selected detention contractor list. This is not a finding of no detention role.,reviewed,,2026-09-23
uei:CBHQBYK7BBN4,CBHQBYK7BBN4,"GEM TECHNOLOGY INTERNATIONAL, CORP",Other private contractors,https://api.usaspending.gov/api/v2/awards/CONT_AWD_70CMSD23FR0000080_7012_47QRAA22D008D_4732/,Official recipient business categories support private entity; not in the approved selected detention contractor list. This is not a finding of no detention role.,reviewed,,2026-09-23
uei:CJMQQJZ325N4,CJMQQJZ325N4,"GEORGE J. PETRONIS ENTERPRISES, INC.",Other private contractors,https://api.usaspending.gov/api/v2/awards/CONT_AWD_70CMSW25FR0000140_7012_70LGLY25DGLB00008_7015/,Official recipient business categories support private entity; not in the approved selected detention contractor list. This is not a finding of no detention role.,reviewed,,2026-09-23
uei:CMJDW5CP7WA8,CMJDW5CP7WA8,HUDSON RIVER PARK TRUST,State and local governments,https://api.usaspending.gov/api/v2/awards/CONT_AWD_70CDCR21P00000035_7012_-NONE-_-NONE-/,Official recipient categories identify state/local government; exclude hospitals and universities into the separate public/nonprofit type.,reviewed,,2026-09-23
uei:CN1DHDM1HDZ5,CN1DHDM1HDZ5,"THOMAS SCIENTIFIC, LLC",Other private contractors,https://api.usaspending.gov/api/v2/awards/CONT_AWD_70CMSD24P00000175_7012_-NONE-_-NONE-/,Official recipient business categories support private entity; not in the approved selected detention contractor list. This is not a finding of no detention role.,reviewed,,2026-09-23
uei:CN6JHWKMSCD5,CN6JHWKMSCD5,ISS ACTION INC,Other private contractors,https://api.usaspending.gov/api/v2/awards/CONT_AWD_70CDCR25FR0000082_7012_70CDCR25D00000056_7012/,Official recipient business categories support private entity; not in the approved selected detention contractor list. This is not a finding of no detention role.,reviewed,,2026-09-23
uei:CNM4U3TPGUE7,CNM4U3TPGUE7,"LONGVIEW INTERNATIONAL TECHNOLOGY SOLUTIONS, INC.",Other private contractors,https://api.usaspending.gov/api/v2/awards/CONT_AWD_70CDCR25FR0000045_7012_70CDCR25D00000053_7012/,Official recipient business categories support private entity; not in the approved selected detention contractor list. This is not a finding of no detention role.,reviewed,,2026-09-23
uei:CU82DUZEEL81,CU82DUZEEL81,SAN DIEGO ASSOCIATION OF GOVERNMENTS,State and local governments,https://api.usaspending.gov/api/v2/awards/CONT_AWD_70CMSD25P00000044_7012_-NONE-_-NONE-/,Official recipient categories identify state/local government; exclude hospitals and universities into the separate public/nonprofit type.,reviewed,,2026-09-23
uei:CYD1SSRL8EM8,CYD1SSRL8EM8,"KCORP RELIANCE COMPANY, INC.",Other private contractors,https://api.usaspending.gov/api/v2/awards/CONT_AWD_70CMSW23C00000001_7012_-NONE-_-NONE-/,Official recipient business categories support private entity; not in the approved selected detention contractor list. This is not a finding of no detention role.,reviewed,,2026-09-23
uei:D3LHU66KBLD5,D3LHU66KBLD5,UNIVERSITY OF NORTH CAROLINA AT CHAPEL HILL,Other public or nonprofit entities,https://api.usaspending.gov/api/v2/awards/CONT_AWD_70CMSW26FR0000048_7012_47QRAA18D00CA_4732/,"Official recipient categories: Nonprofit Organization, Higher Education (Public). Public hospitals/universities are separated from general state/local government.",reviewed,,2026-09-23
uei:D3U7NJHKKEW3,D3U7NJHKKEW3,GREAT FALLS PAPER COMPANY,Other private contractors,https://api.usaspending.gov/api/v2/awards/CONT_AWD_70CMSW25FR0000076_7012_GS02F0197V_4730/,Official recipient business categories support private entity; not in the approved selected detention contractor list. This is not a finding of no detention role.,reviewed,,2026-09-23
uei:D6MTSKS115L9,D6MTSKS115L9,"HENRY SCHEIN, INC.",Other private contractors,https://api.usaspending.gov/api/v2/awards/CONT_AWD_70CTD024P00000003_7012_-NONE-_-NONE-/,Official recipient business categories support private entity; not in the approved selected detention contractor list. This is not a finding of no detention role.,reviewed,,2026-09-23
uei:D9A9DHAJ9WE6,D9A9DHAJ9WE6,STATE INDUSTRIAL PRODUCTS CORP,Other private contractors,https://api.usaspending.gov/api/v2/awards/CONT_AWD_70CDCR21P00000062_7012_-NONE-_-NONE-/,Official recipient business categories support private entity; not in the approved selected detention contractor list. This is not a finding of no detention role.,reviewed,,2026-09-23
uei:DBSSZDEJKKS8,DBSSZDEJKKS8,WARNING LITES OF MINNESOTA INC,Other private contractors,https://api.usaspending.gov/api/v2/awards/CONT_AWD_70CMSW26P00000016_7012_-NONE-_-NONE-/,Official recipient business categories support private entity; not in the approved selected detention contractor list. This is not a finding of no detention role.,reviewed,,2026-09-23
uei:DDDTTA5TK265,DDDTTA5TK265,CLARKE ELECTRIC LLC,Other private contractors,https://api.usaspending.gov/api/v2/awards/CONT_AWD_70CMSD24P00000032_7012_-NONE-_-NONE-/,Official recipient business categories support private entity; not in the approved selected detention contractor list. This is not a finding of no detention role.,reviewed,,2026-09-23
uei:DJACUETFQUL8,DJACUETFQUL8,"GOVSMART, INC.",Other private contractors,https://api.usaspending.gov/api/v2/awards/CONT_AWD_70CMSW25FR0000094_7012_NNG15SD11B_8000/,Official recipient business categories support private entity; not in the approved selected detention contractor list. This is not a finding of no detention role.,reviewed,,2026-09-23
uei:DL1VNK64YL14,DL1VNK64YL14,"AMI EXPEDITIONARY HEALTHCARE, LLC",Other private contractors,https://api.usaspending.gov/api/v2/awards/CONT_AWD_70CDCR25FR0000051_7012_70CDCR25D00000042_7012/,Official recipient business categories support private entity; not in the approved selected detention contractor list. This is not a finding of no detention role.,reviewed,,2026-09-23
uei:DLD3TZDSFMD5,DLD3TZDSFMD5,DAY MANAGEMENT CORP.,Other private contractors,https://api.usaspending.gov/api/v2/awards/CONT_AWD_70CMSD22P00000049_7012_-NONE-_-NONE-/,Official recipient business categories support private entity; not in the approved selected detention contractor list. This is not a finding of no detention role.,reviewed,,2026-09-23
uei:DP7KERAZ7LY3,DP7KERAZ7LY3,"GENERAC POWER SYSTEMS, INC.",Other private contractors,https://api.usaspending.gov/api/v2/awards/CONT_AWD_70CMSW23FR0000108_7012_GS07F0407X_4732/,Official recipient business categories support private entity; not in the approved selected detention contractor list. This is not a finding of no detention role.,reviewed,,2026-09-23
uei:ECMMFNMSLXM7,ECMMFNMSLXM7,ERNST & YOUNG LLP,Other private contractors,https://api.usaspending.gov/api/v2/awards/CONT_AWD_70CDCR26FR0000009_7012_47QRCA25DU131_4732/,Official recipient business categories support private entity; not in the approved selected detention contractor list. This is not a finding of no detention role.,reviewed,,2026-09-23
uei:EEANN2A3SSQ4,EEANN2A3SSQ4,"INTERNATIONAL SOS GOVERNMENT MEDICAL SERVICES, INC.",Other private contractors,https://api.usaspending.gov/api/v2/awards/CONT_AWD_70CDCR25FR0000081_7012_70CDCR25D00000049_7012/,Official recipient business categories support private entity; not in the approved selected detention contractor list. This is not a finding of no detention role.,reviewed,,2026-09-23
uei:EGZ1QM1L2NN1,EGZ1QM1L2NN1,ALPINE ARMORING INC.,Other private contractors,https://api.usaspending.gov/api/v2/awards/CONT_AWD_70CMSD25P00000038_7012_-NONE-_-NONE-/,Official recipient business categories support private entity; not in the approved selected detention contractor list. This is not a finding of no detention role.,reviewed,,2026-09-23
uei:EJVWRH7GWKM3,EJVWRH7GWKM3,"WESTERN DOOR FEDERAL, LLC",Other private contractors,https://api.usaspending.gov/api/v2/awards/CONT_AWD_70CMSW24FR0000044_7012_47QTCB21D0207_4732/,Official recipient business categories support private entity; not in the approved selected detention contractor list. This is not a finding of no detention role.,reviewed,,2026-09-23
uei:ELA6K9ERGLF8,ELA6K9ERGLF8,THOMAS J. MORRIS III,Other private contractors,https://api.usaspending.gov/api/v2/awards/CONT_AWD_70CMSW26P00000010_7012_-NONE-_-NONE-/,Official recipient business categories support private entity; not in the approved selected detention contractor list. This is not a finding of no detention role.,reviewed,,2026-09-23
uei:EMJ7NFQSNK93,EMJ7NFQSNK93,MONTGOMERY COUNTY FIRE ACADEMY,State and local governments,https://api.usaspending.gov/api/v2/awards/CONT_AWD_70CMSD23P00000144_7012_-NONE-_-NONE-/,Official recipient categories identify state/local government; exclude hospitals and universities into the separate public/nonprofit type.,reviewed,,2026-09-23
uei:F1PMZXNJ7NM5,F1PMZXNJ7NM5,"SLSCO, LTD.",Other private contractors,https://api.usaspending.gov/api/v2/awards/CONT_AWD_70CDCR25FR0000047_7012_70CDCR25D00000050_7012/,Official recipient business categories support private entity; not in the approved selected detention contractor list. This is not a finding of no detention role.,reviewed,,2026-09-23
uei:F5JZUL8JTEK3,F5JZUL8JTEK3,"GLOBAL PRECISION SYSTEMS, LLC",Other private contractors,https://api.usaspending.gov/api/v2/awards/CONT_AWD_70CMSW20FR0000034_7012_GS06Q17BQDS208_4732/,Official recipient business categories support private entity; not in the approved selected detention contractor list. This is not a finding of no detention role.,reviewed,,2026-09-23
uei:F6FDTGCVN3U4,F6FDTGCVN3U4,TRANS UNION LLC,Other private contractors,https://api.usaspending.gov/api/v2/awards/CONT_AWD_70CMSD23P00000140_7012_-NONE-_-NONE-/,Official recipient business categories support private entity; not in the approved selected detention contractor list. This is not a finding of no detention role.,reviewed,,2026-09-23
uei:FJLMN2N34M93,FJLMN2N34M93,GARDAWORLD FEDERAL SERVICES LLC,Selected private detention contractors,https://api.usaspending.gov/api/v2/awards/CONT_AWD_70CDCR26FR0000043_7012_N0002325D0032_9700/,Approved selected recipient; official ICE detention/services relationship. Company-level classification only.,reviewed,https://www.usaspending.gov/award/CONT_AWD_70CDCR26FR0000043_7012_N0002325D0032_9700,2026-09-23
uei:FRAYUVFEU2K9,FRAYUVFEU2K9,RIO GRANDE VALLEY COMMUNICATIONS GROUP,State and local governments,https://api.usaspending.gov/api/v2/awards/CONT_AWD_70CMSD23P00000073_7012_-NONE-_-NONE-/,Official recipient categories identify state/local government; exclude hospitals and universities into the separate public/nonprofit type.,reviewed,,2026-09-23
uei:FRHDEAQDVG16,FRHDEAQDVG16,A&A HARRIS ENTERPRISES,Other private contractors,https://api.usaspending.gov/api/v2/awards/CONT_AWD_70CMSD26FR0000030_7012_GS07F0172V_4730/,Official recipient business categories support private entity; not in the approved selected detention contractor list. This is not a finding of no detention role.,reviewed,,2026-09-23
uei:FSY4LVSBGWB7,FSY4LVSBGWB7,PALANTIR TECHNOLOGIES INC.,Other private contractors,https://api.usaspending.gov/api/v2/awards/CONT_AWD_70CTD026FC0000012_7012_70RTAC26A00000001_7001/,Official recipient business categories support private entity; not in the approved selected detention contractor list. This is not a finding of no detention role.,reviewed,,2026-09-23
uei:FVJMNPLMEEJ2,FVJMNPLMEEJ2,REGENTS OF UNIVERSITY OF MINNESOTA,Other public or nonprofit entities,https://api.usaspending.gov/api/v2/awards/CONT_AWD_70CDCR24P00000013_7012_-NONE-_-NONE-/,"Official recipient categories: Government, Higher Education (Public). Public hospitals/universities are separated from general state/local government.",reviewed,,2026-09-23
uei:G58ZEJ7HJGM1,G58ZEJ7HJGM1,MANAGEMENT & TRAINING CORPORATION,Selected private detention contractors,https://api.usaspending.gov/api/v2/awards/CONT_AWD_70CDCR26FR0000010_7012_70CDCR20D00000006_7012/,Approved selected recipient; official ICE detention/services relationship. Company-level classification only.,reviewed,https://www.usaspending.gov/award/CONT_AWD_70CDCR26FR0000010_7012_70CDCR20D00000006_7012,2026-09-23
uei:G5CPENQNTPK1,G5CPENQNTPK1,"PUBLIC SAFETY & CORRECTIONAL SERVICES, MARYLAND DEPT OF",State and local governments,https://api.usaspending.gov/api/v2/awards/CONT_AWD_HSCECR16P00001_7012_-NONE-_-NONE-/,Official recipient categories identify state/local government; exclude hospitals and universities into the separate public/nonprofit type.,reviewed,,2026-09-23
uei:GAE3BQFCPWM5,GAE3BQFCPWM5,"AXIS GLOBAL ENTERPRISES, INC.",Other private contractors,https://api.usaspending.gov/api/v2/awards/CONT_AWD_70CMSW22P00000027_7012_-NONE-_-NONE-/,Official recipient business categories support private entity; not in the approved selected detention contractor list. This is not a finding of no detention role.,reviewed,,2026-09-23
uei:GCPTKFRJSPJ9,GCPTKFRJSPJ9,ACEPEX MANAGEMENT CORPORATION,Other private contractors,https://api.usaspending.gov/api/v2/awards/CONT_AWD_70CMSW19FR0000030_7012_GS06Q17BQDS201_4732/,Official recipient business categories support private entity; not in the approved selected detention contractor list. This is not a finding of no detention role.,reviewed,,2026-09-23
uei:GFTGQRJ8F959,GFTGQRJ8F959,DEPLOYED RESOURCES LLC,Other private contractors,https://api.usaspending.gov/api/v2/awards/CONT_AWD_70CDCR25FR0000064_7012_70CDCR25D00000051_7012/,Official recipient business categories support private entity; not in the approved selected detention contractor list. This is not a finding of no detention role.,reviewed,,2026-09-23
uei:GJMSFBCNMSK3,GJMSFBCNMSK3,"ATLANTIC DIVING SUPPLY, INC.",Other private contractors,https://api.usaspending.gov/api/v2/awards/CONT_AWD_70CMSW25FC0000104_7012_70CMSW21A00000003_7012/,Official recipient business categories support private entity; not in the approved selected detention contractor list. This is not a finding of no detention role.,reviewed,,2026-09-23
uei:GX7VU27CC847,GX7VU27CC847,FEDERAL LOCK & SAFE INC,Other private contractors,https://api.usaspending.gov/api/v2/awards/CONT_AWD_70CMSD24P00000149_7012_-NONE-_-NONE-/,Official recipient business categories support private entity; not in the approved selected detention contractor list. This is not a finding of no detention role.,reviewed,,2026-09-23
uei:H1KHJPJH9R51,H1KHJPJH9R51,"FOUR POINTS TECHNOLOGY, L.L.C.",Other private contractors,https://api.usaspending.gov/api/v2/awards/CONT_AWD_70CTD024FR0000007_7012_70RDAD23D00000008_7001/,Official recipient business categories support private entity; not in the approved selected detention contractor list. This is not a finding of no detention role.,reviewed,,2026-09-23
uei:H2N5CDZKJ1F6,H2N5CDZKJ1F6,MAINSCAPE INC,Other private contractors,https://api.usaspending.gov/api/v2/awards/CONT_AWD_70CMSW19P00000022_7012_-NONE-_-NONE-/,Official recipient business categories support private entity; not in the approved selected detention contractor list. This is not a finding of no detention role.,reviewed,,2026-09-23
uei:H4H3J7SJCT76,H4H3J7SJCT76,"CENTERRA GROUP, LLC",Other private contractors,https://api.usaspending.gov/api/v2/awards/CONT_AWD_70CDCR25FR0000056_7012_70CDCR25D00000039_7012/,Official recipient business categories support private entity; not in the approved selected detention contractor list. This is not a finding of no detention role.,reviewed,,2026-09-23
uei:H5M2KCZCA9M3,H5M2KCZCA9M3,G4S SECURE SOLUTIONS (USA) INC.,Other private contractors,https://api.usaspending.gov/api/v2/awards/CONT_AWD_70CDCR25FR0000014_7012_70CDCR20D00000017_7012/,Official recipient business categories support private entity; not in the approved selected detention contractor list. This is not a finding of no detention role.,reviewed,,2026-09-23
uei:H6NCLMPBP565,H6NCLMPBP565,"ROCKWELL AMERICAN SERVICES, LTD.",Other private contractors,https://api.usaspending.gov/api/v2/awards/CONT_AWD_70CDCR25FR0000076_7012_70CDCR25D00000021_7012/,Official recipient business categories support private entity; not in the approved selected detention contractor list. This is not a finding of no detention role.,reviewed,,2026-09-23
uei:H8YFF5F9TM53,H8YFF5F9TM53,THE HIGHLANDS RANCH LAW ENFORCEMENT TRAINING FOUNDATION,Other public or nonprofit entities,https://api.usaspending.gov/api/v2/awards/CONT_AWD_70CMSW24P00000004_7012_-NONE-_-NONE-/,Official recipient categories: Nonprofit Organization. Public hospitals/universities are separated from general state/local government.,reviewed,,2026-09-23
uei:HE7NJQGP4ED6,HE7NJQGP4ED6,FISHER SCIENTIFIC COMPANY L.L.C.,Other private contractors,https://api.usaspending.gov/api/v2/awards/CONT_AWD_70CMSD25FR0000142_7012_GS07F161BA_4732/,Official recipient business categories support private entity; not in the approved selected detention contractor list. This is not a finding of no detention role.,reviewed,,2026-09-23
uei:HERXJEEWZFL7,HERXJEEWZFL7,KVG LLC,Selected private detention contractors,https://api.usaspending.gov/api/v2/awards/CONT_AWD_70CDCR26FR0000035_7012_N0002325D0048_9700/,Approved selected recipient; official ICE detention/services relationship. Company-level classification only.,reviewed,https://www.usaspending.gov/award/CONT_AWD_70CDCR26FR0000035_7012_N0002325D0048_9700,2026-09-23
uei:HH2TV6FXKD46,HH2TV6FXKD46,CITY OF HAVRE DE GRACE,State and local governments,https://api.usaspending.gov/api/v2/awards/CONT_AWD_70CMSD19P00000101_7012_-NONE-_-NONE-/,Official recipient categories identify state/local government; exclude hospitals and universities into the separate public/nonprofit type.,reviewed,,2026-09-23
uei:HJGMJN1JKL46,HJGMJN1JKL46,"CORECIVIC, INC.",Selected private detention contractors,https://api.usaspending.gov/api/v2/awards/CONT_AWD_70CDCR25FR0000122_7012_70CDCR25D00000010_7012/,Approved selected recipient; official ICE detention/services relationship. Company-level classification only.,reviewed,https://www.usaspending.gov/award/CONT_AWD_70CDCR25FR0000122_7012_70CDCR25D00000010_7012,2026-09-23
uei:HK6RKYDJ5SZ5,HK6RKYDJ5SZ5,"COXCOM, LLC",Other private contractors,https://api.usaspending.gov/api/v2/awards/CONT_AWD_70CMSD23P00000110_7012_-NONE-_-NONE-/,Official recipient business categories support private entity; not in the approved selected detention contractor list. This is not a finding of no detention role.,reviewed,,2026-09-23
uei:HKV5SEGCT3L6,HKV5SEGCT3L6,"VOUND COLORADO, LTD.",Other private contractors,https://api.usaspending.gov/api/v2/awards/CONT_AWD_70CMSD25P00000154_7012_-NONE-_-NONE-/,Official recipient business categories support private entity; not in the approved selected detention contractor list. This is not a finding of no detention role.,reviewed,,2026-09-23
uei:HL38C2CWLAD1,HL38C2CWLAD1,RICHARD TERRY TIFT,Other private contractors,https://api.usaspending.gov/api/v2/awards/CONT_AWD_70CMSD20P00000061_7012_-NONE-_-NONE-/,Official recipient business categories support private entity; not in the approved selected detention contractor list. This is not a finding of no detention role.,reviewed,,2026-09-23
uei:HM9KTBAGDTJ7,HM9KTBAGDTJ7,SILVER EAGLE GROUP NORTHERN VIRGINIA LLC,Unresolved,https://api.usaspending.gov/api/v2/awards/CONT_AWD_70CDCR23P00000018_7012_-NONE-_-NONE-/,Official categories not sufficient for a reviewed type.,pending,,2026-09-23
uei:HMJ4CBSCDNY4,HMJ4CBSCDNY4,"ASSET PROTECTION & SECURITY SERVICES, L.P.",Selected private detention contractors,https://api.usaspending.gov/api/v2/awards/CONT_AWD_70CDCR25FR0000067_7012_70CDCR25D00000035_7012/,Approved selected recipient; official ICE detention/services relationship. Company-level classification only.,reviewed,https://www.usaspending.gov/award/CONT_AWD_70CDCR25FR0000067_7012_70CDCR25D00000035_7012,2026-09-23
uei:HP25SQ2BMJ13,HP25SQ2BMJ13,BIALEK CORPORATION OF MARYLAND,Other private contractors,https://api.usaspending.gov/api/v2/awards/CONT_AWD_70CMSW25FC0000101_7012_70RDAD22A00000003_7001/,Official recipient business categories support private entity; not in the approved selected detention contractor list. This is not a finding of no detention role.,reviewed,,2026-09-23
uei:HT74GJ837NF8,HT74GJ837NF8,"RECANA SOLUTIONS, L.L.C.",Other private contractors,https://api.usaspending.gov/api/v2/awards/CONT_AWD_70CDCR25FR0000071_7012_70CDCR25D00000025_7012/,Official recipient business categories support private entity; not in the approved selected detention contractor list. This is not a finding of no detention role.,reviewed,,2026-09-23
uei:HVR7BYAMSL27,HVR7BYAMSL27,GOTHAMS LLC,Other private contractors,https://api.usaspending.gov/api/v2/awards/CONT_AWD_70CDCR25FR0000070_7012_70CDCR25D00000032_7012/,Official recipient business categories support private entity; not in the approved selected detention contractor list. This is not a finding of no detention role.,reviewed,,2026-09-23
uei:HWW3D6C5Y7X7,HWW3D6C5Y7X7,IMPERIAL COUNTY,State and local governments,https://api.usaspending.gov/api/v2/awards/CONT_AWD_70CMSD18P00000133_7012_-NONE-_-NONE-/,Official recipient categories identify state/local government; exclude hospitals and universities into the separate public/nonprofit type.,reviewed,,2026-09-23
uei:HZ4EUKDD7AB4,HZ4EUKDD7AB4,COUNTY OF OAKLAND,State and local governments,https://api.usaspending.gov/api/v2/awards/CONT_AWD_70CDCR24P00000004_7012_-NONE-_-NONE-/,Official recipient categories identify state/local government; exclude hospitals and universities into the separate public/nonprofit type.,reviewed,,2026-09-23
uei:J76AEWGPFZT1,J76AEWGPFZT1,LASALLE CORRECTIONS V LLC,Selected private detention contractors,https://api.usaspending.gov/api/v2/awards/CONT_AWD_70CDCR25FR0000049_7012_70CDCR25D00000040_7012/,Approved selected recipient; official ICE detention/services relationship. Company-level classification only.,reviewed,https://www.usaspending.gov/award/CONT_AWD_70CDCR25FR0000049_7012_70CDCR25D00000040_7012,2026-09-23
uei:JCBMLGPE6Z71,JCBMLGPE6Z71,BOOZ ALLEN HAMILTON INC,Other private contractors,https://api.usaspending.gov/api/v2/awards/CONT_AWD_70CTD022FR0000002_7012_GS35F386DA_4732/,Official recipient business categories support private entity; not in the approved selected detention contractor list. This is not a finding of no detention role.,reviewed,,2026-09-23
uei:JCWBXRQCL8K7,JCWBXRQCL8K7,CENTRAL LAKE ARMOR EXPRESS INC,Other private contractors,https://api.usaspending.gov/api/v2/awards/CONT_AWD_70CMSW23FR0000093_7012_HSBP1017D00003_7014/,Official recipient business categories support private entity; not in the approved selected detention contractor list. This is not a finding of no detention role.,reviewed,,2026-09-23
uei:JD21AMFZVKH1,JD21AMFZVKH1,"SOUTH BAY FENCE, INC.",Other private contractors,https://api.usaspending.gov/api/v2/awards/CONT_AWD_70CMSD24P00000154_7012_-NONE-_-NONE-/,Official recipient business categories support private entity; not in the approved selected detention contractor list. This is not a finding of no detention role.,reviewed,,2026-09-23
uei:JMLKZZ1NL2Z6,JMLKZZ1NL2Z6,"THE GEO GROUP, INC.",Selected private detention contractors,https://api.usaspending.gov/api/v2/awards/CONT_AWD_70CDCR26FR0000108_7012_70CDCR26D00000001_7012/,Approved selected recipient; official ICE detention/services relationship. Company-level classification only.,reviewed,https://www.usaspending.gov/award/CONT_AWD_70CDCR26FR0000108_7012_70CDCR26D00000001_7012,2026-09-23
uei:JPTVGBDD3EK4,JPTVGBDD3EK4,HURON VALLEY GUNS,Other private contractors,https://api.usaspending.gov/api/v2/awards/CONT_AWD_70CMSD21P00000075_7012_-NONE-_-NONE-/,Official recipient business categories support private entity; not in the approved selected detention contractor list. This is not a finding of no detention role.,reviewed,,2026-09-23
uei:JTKZNB24MRU7,JTKZNB24MRU7,OFFICE CONCEPTS ARIZONA LLC,Other private contractors,https://api.usaspending.gov/api/v2/awards/CONT_AWD_70CMSW25P00000058_7012_-NONE-_-NONE-/,Official recipient business categories support private entity; not in the approved selected detention contractor list. This is not a finding of no detention role.,reviewed,,2026-09-23
uei:JWM8K8HUPMQ1,JWM8K8HUPMQ1,BURKE COURT REPORTING LLC,Other private contractors,https://api.usaspending.gov/api/v2/awards/CONT_AWD_70CMSD24FR0000057_7012_47QREA21D000R_4732/,Official recipient business categories support private entity; not in the approved selected detention contractor list. This is not a finding of no detention role.,reviewed,,2026-09-23
uei:K18HRGF7HW21,K18HRGF7HW21,INSERSO CORPORATION,Other private contractors,https://api.usaspending.gov/api/v2/awards/CONT_AWD_70CTD022FR0000018_7012_75N98120D00162_7529/,Official recipient business categories support private entity; not in the approved selected detention contractor list. This is not a finding of no detention role.,reviewed,,2026-09-23
uei:K1B6MGA23WL3,K1B6MGA23WL3,RAPID DEPLOYMENT INC,Other private contractors,https://api.usaspending.gov/api/v2/awards/CONT_AWD_70CDCR25FR0000069_7012_70CDCR25D00000019_7012/,Official recipient business categories support private entity; not in the approved selected detention contractor list. This is not a finding of no detention role.,reviewed,,2026-09-23
uei:K45PLHZ5MMS3,K45PLHZ5MMS3,"HIGH PRAIRIE SERVICES, LLC",Other private contractors,https://api.usaspending.gov/api/v2/awards/CONT_AWD_70CTD020FR0000276_7012_47QTCH18D0004_4732/,Official recipient business categories support private entity; not in the approved selected detention contractor list. This is not a finding of no detention role.,reviewed,,2026-09-23
uei:K4W1LMDTLUB5,K4W1LMDTLUB5,MORRIS BRADLEY L,Other private contractors,https://api.usaspending.gov/api/v2/awards/CONT_AWD_70CDCR20P00000040_7012_-NONE-_-NONE-/,Official recipient business categories support private entity; not in the approved selected detention contractor list. This is not a finding of no detention role.,reviewed,,2026-09-23
uei:K7MPSQUS6XC3,K7MPSQUS6XC3,"EAGLE HEALTH, LLC",Other private contractors,https://api.usaspending.gov/api/v2/awards/CONT_AWD_70CMSW22C00000012_7012_-NONE-_-NONE-/,Official recipient business categories support private entity; not in the approved selected detention contractor list. This is not a finding of no detention role.,reviewed,,2026-09-23
uei:K8RNMK1CCQW3,K8RNMK1CCQW3,PARAGON PROFESSIONAL SERVICES LLC,Selected private detention contractors,https://api.usaspending.gov/api/v2/awards/CONT_AWD_70CDCR25FR0000112_7012_70CDCR22D00000012_7012/,Approved selected recipient; official ICE detention/services relationship. Company-level classification only.,reviewed,https://www.usaspending.gov/award/CONT_AWD_70CDCR25FR0000112_7012_70CDCR22D00000012_7012,2026-09-23
uei:KABJZBBJ4B54,KABJZBBJ4B54,REGENTS OF THE UNIVERSITY OF MINNESOTA,Other public or nonprofit entities,https://api.usaspending.gov/api/v2/awards/CONT_AWD_70CDCR23P00000017_7012_-NONE-_-NONE-/,"Official recipient categories: Nonprofit Organization, Higher Education (Public). Public hospitals/universities are separated from general state/local government.",reviewed,,2026-09-23
uei:KBETVELWWR23,KBETVELWWR23,COUNTY OF IMPERIAL,State and local governments,https://api.usaspending.gov/api/v2/awards/CONT_AWD_70CMSD23P00000069_7012_-NONE-_-NONE-/,Official recipient categories identify state/local government; exclude hospitals and universities into the separate public/nonprofit type.,reviewed,,2026-09-23
uei:KEA9KRV8GPG3,KEA9KRV8GPG3,WORCESTER COUNTY,State and local governments,https://api.usaspending.gov/api/v2/awards/CONT_AWD_70CMSW22P00000011_7012_-NONE-_-NONE-/,Official recipient categories identify state/local government; exclude hospitals and universities into the separate public/nonprofit type.,reviewed,,2026-09-23
uei:KHFLCLB4BW91,KHFLCLB4BW91,"FEDERAL PRISON INDUSTRIES, INC",Other public or nonprofit entities,https://api.usaspending.gov/api/v2/awards/CONT_AWD_70CMSW23P00000022_7012_-NONE-_-NONE-/,"Official recipient categories identify national government, not state/local government.",reviewed,,2026-09-23
uei:KJB1WJG4NXS7,KJB1WJG4NXS7,IRON MOUNTAIN INFORMATION MANAGEMENT LLC,Other private contractors,https://api.usaspending.gov/api/v2/awards/CONT_AWD_70CDCR24FC0000010_7012_70RTAC23A00000001_7001/,Official recipient business categories support private entity; not in the approved selected detention contractor list. This is not a finding of no detention role.,reviewed,,2026-09-23
uei:KMPML32GXV33,KMPML32GXV33,TEXAS BEB INVESTMENTS CORP,Other private contractors,https://api.usaspending.gov/api/v2/awards/CONT_AWD_70CMSD25P00000102_7012_-NONE-_-NONE-/,Official recipient business categories support private entity; not in the approved selected detention contractor list. This is not a finding of no detention role.,reviewed,,2026-09-23
uei:KMXSSRURLT43,KMXSSRURLT43,THE AMERICAN CORRECTIONAL ASSOCIATION,Other public or nonprofit entities,https://api.usaspending.gov/api/v2/awards/CONT_AWD_70CDCR25P00000014_7012_-NONE-_-NONE-/,Official recipient categories: Nonprofit Organization. Public hospitals/universities are separated from general state/local government.,reviewed,,2026-09-23
uei:KNYFTL68DM54,KNYFTL68DM54,"MERRIMAC PETROLEUM, INC",Other private contractors,https://api.usaspending.gov/api/v2/awards/CONT_AWD_70CDCR21P00000049_7012_-NONE-_-NONE-/,Official recipient business categories support private entity; not in the approved selected detention contractor list. This is not a finding of no detention role.,reviewed,,2026-09-23
uei:KSE1ME58AQ17,KSE1ME58AQ17,FRANKLIN COVEY CLIENT SALES INC,Unresolved,https://api.usaspending.gov/api/v2/awards/CONT_AWD_70CMSD19FR0000096_7012_GS02F0095T_4730/,Official categories not sufficient for a reviewed type.,pending,,2026-09-23
uei:KVMTJANNET58,KVMTJANNET58,GREENBRIER GOVERNMENT SOLUTIONS INC,Other private contractors,https://api.usaspending.gov/api/v2/awards/CONT_AWD_70CTD024FR0000071_7012_NNG15SE09B_8000/,Official recipient business categories support private entity; not in the approved selected detention contractor list. This is not a finding of no detention role.,reviewed,,2026-09-23
uei:L3VCKMD7J585,L3VCKMD7J585,SOS INTERNATIONAL LLC,Other private contractors,https://api.usaspending.gov/api/v2/awards/CONT_AWD_70CDCR25FR0000065_7012_70CDCR25D00000037_7012/,Official recipient business categories support private entity; not in the approved selected detention contractor list. This is not a finding of no detention role.,reviewed,,2026-09-23
uei:L41JMCZK3GW6,L41JMCZK3GW6,"ACUITY INTERNATIONAL, LLC",Other private contractors,https://api.usaspending.gov/api/v2/awards/CONT_AWD_70CDCR25FR0000061_7012_70CDCR25D00000028_7012/,Official recipient business categories support private entity; not in the approved selected detention contractor list. This is not a finding of no detention role.,reviewed,,2026-09-23
uei:L8B6G753K3Y5,L8B6G753K3Y5,ARC - IMPERIAL VALLEY,Other public or nonprofit entities,https://api.usaspending.gov/api/v2/awards/CONT_AWD_70CMSW20C00000003_7012_-NONE-_-NONE-/,Official recipient categories: Nonprofit Organization. Public hospitals/universities are separated from general state/local government.,reviewed,,2026-09-23
uei:L8BNTYVF45P7,L8BNTYVF45P7,"BERING STRAITS PROFESSIONAL SERVICES, LLC",Other private contractors,https://api.usaspending.gov/api/v2/awards/CONT_AWD_70CDCR25FR0000052_7012_70CDCR25D00000026_7012/,Official recipient business categories support private entity; not in the approved selected detention contractor list. This is not a finding of no detention role.,reviewed,,2026-09-23
uei:LC1TJNRE6KX7,LC1TJNRE6KX7,FOSTER & FREEMAN USA INC,Other private contractors,https://api.usaspending.gov/api/v2/awards/CONT_AWD_70CMSD25P00000087_7012_-NONE-_-NONE-/,Official recipient business categories support private entity; not in the approved selected detention contractor list. This is not a finding of no detention role.,reviewed,,2026-09-23
uei:LCJ3MDABAV97,LCJ3MDABAV97,"MAVAGI ENTERPRISES, INC.",Other public or nonprofit entities,https://api.usaspending.gov/api/v2/awards/CONT_AWD_70CMSW18C00000006_7012_-NONE-_-NONE-/,Official recipient categories: Nonprofit Organization. Public hospitals/universities are separated from general state/local government.,reviewed,,2026-09-23
uei:LG4AXJ2HMHN3,LG4AXJ2HMHN3,CHUGACH TECHNICAL SOLUTIONS LLC,Other private contractors,https://api.usaspending.gov/api/v2/awards/CONT_AWD_70CMSD21FR0000161_7012_47QRAD20D1144_4732/,Official recipient business categories support private entity; not in the approved selected detention contractor list. This is not a finding of no detention role.,reviewed,,2026-09-23
uei:LLMHPD1Q3X51,LLMHPD1Q3X51,"TARGET LOGISTICS MANAGEMENT, LLC",Other private contractors,https://api.usaspending.gov/api/v2/awards/CONT_AWD_70CDCR25FR0000066_7012_70CDCR25D00000054_7012/,Official recipient business categories support private entity; not in the approved selected detention contractor list. This is not a finding of no detention role.,reviewed,,2026-09-23
uei:LTZPLD2SJKW3,LTZPLD2SJKW3,"A-ACTION FACILITY SERVICES, INC.",Other private contractors,https://api.usaspending.gov/api/v2/awards/CONT_AWD_70CMSW22C00000006_7012_-NONE-_-NONE-/,Official recipient business categories support private entity; not in the approved selected detention contractor list. This is not a finding of no detention role.,reviewed,,2026-09-23
uei:LUDNH5K4XQU9,LUDNH5K4XQU9,"AKIMA GLOBAL SERVICES, LLC",Selected private detention contractors,https://api.usaspending.gov/api/v2/awards/CONT_AWD_70CDCR23FR0000036_7012_70CDCR23D00000004_7012/,Approved selected recipient; official ICE detention/services relationship. Company-level classification only.,reviewed,https://www.usaspending.gov/award/CONT_AWD_70CDCR23FR0000036_7012_70CDCR23D00000004_7012,2026-09-23
uei:M6F7EMK12F83,M6F7EMK12F83,"H. M. PITT LABS, INC.",Other private contractors,https://api.usaspending.gov/api/v2/awards/CONT_AWD_70CMSW20P00000014_7012_-NONE-_-NONE-/,Official recipient business categories support private entity; not in the approved selected detention contractor list. This is not a finding of no detention role.,reviewed,,2026-09-23
uei:M9S6A9ZTVB11,M9S6A9ZTVB11,CITY OF ARLINGTON,State and local governments,https://api.usaspending.gov/api/v2/awards/CONT_AWD_70CMSD25P00000077_7012_-NONE-_-NONE-/,Official recipient categories identify state/local government; exclude hospitals and universities into the separate public/nonprofit type.,reviewed,,2026-09-23
uei:MJNJZE4LAHP6,MJNJZE4LAHP6,CHENEGA FACILITIES MANAGEMENT LLC,Other private contractors,https://api.usaspending.gov/api/v2/awards/CONT_AWD_70CMSW18FR0000002_7012_GS06Q16BQDS105_4732/,Official recipient business categories support private entity; not in the approved selected detention contractor list. This is not a finding of no detention role.,reviewed,,2026-09-23
uei:MLBYE6TCRT59,MLBYE6TCRT59,PAUL LEE,Other private contractors,https://api.usaspending.gov/api/v2/awards/CONT_AWD_70CMSW23C00000021_7012_-NONE-_-NONE-/,Official recipient business categories support private entity; not in the approved selected detention contractor list. This is not a finding of no detention role.,reviewed,,2026-09-23
uei:MLLGWJ8ZZ2S3,MLLGWJ8ZZ2S3,"DISASTER MANAGEMENT GROUP, LLC",Other private contractors,https://api.usaspending.gov/api/v2/awards/CONT_AWD_70CDCR25FR0000058_7012_70CDCR25D00000055_7012/,Official recipient business categories support private entity; not in the approved selected detention contractor list. This is not a finding of no detention role.,reviewed,,2026-09-23
uei:MMT4LGM4H9Z5,MMT4LGM4H9Z5,DENVER HEALTH AND HOSPITAL AUTHORITY,Other public or nonprofit entities,https://api.usaspending.gov/api/v2/awards/CONT_AWD_70CDCR23P00000029_7012_-NONE-_-NONE-/,"Official recipient categories: Government, Hospital. Public hospitals/universities are separated from general state/local government.",reviewed,,2026-09-23
uei:MNA3EF2HHKE5,MNA3EF2HHKE5,VISION QUEST SOLUTIONS INC,Other private contractors,https://api.usaspending.gov/api/v2/awards/CONT_AWD_70CDCR25FR0000084_7012_70CDCR25D00000029_7012/,Official recipient business categories support private entity; not in the approved selected detention contractor list. This is not a finding of no detention role.,reviewed,,2026-09-23
uei:MNKVKE1GA1N5,MNKVKE1GA1N5,"NORD/ATLANTIC TRADING, INC.",Other private contractors,https://api.usaspending.gov/api/v2/awards/CONT_AWD_70CMSW25FR0000138_7012_GS07F0235U_4730/,Official recipient business categories support private entity; not in the approved selected detention contractor list. This is not a finding of no detention role.,reviewed,,2026-09-23
uei:MT3CJK6XGNF8,MT3CJK6XGNF8,"LUKE & ASSOCIATES, INC.",Other private contractors,https://api.usaspending.gov/api/v2/awards/CONT_AWD_70CDCR25FR0000063_7012_70CDCR25D00000059_7012/,Official recipient business categories support private entity; not in the approved selected detention contractor list. This is not a finding of no detention role.,reviewed,,2026-09-23
uei:MVBQJL4JQ6G1,MVBQJL4JQ6G1,"LAFAYETTE INSTRUMENT COMPANY, LLC",Other private contractors,https://api.usaspending.gov/api/v2/awards/CONT_AWD_70CMSD25P00000129_7012_-NONE-_-NONE-/,Official recipient business categories support private entity; not in the approved selected detention contractor list. This is not a finding of no detention role.,reviewed,,2026-09-23
uei:MX89BGD5FK75,MX89BGD5FK75,"AT&T ENTERPRISES, LLC",Other private contractors,https://api.usaspending.gov/api/v2/awards/CONT_AWD_70CTD021FR0000018_7012_GS00Q17NSD3000_4732/,Official recipient business categories support private entity; not in the approved selected detention contractor list. This is not a finding of no detention role.,reviewed,,2026-09-23
uei:MXB2U9UM7TL5,MXB2U9UM7TL5,OLIN WINCHESTER LLC,Other private contractors,https://api.usaspending.gov/api/v2/awards/CONT_AWD_70CMSW25FR0000129_7012_70CMSW25D00000002_7012/,Official recipient business categories support private entity; not in the approved selected detention contractor list. This is not a finding of no detention role.,reviewed,,2026-09-23
uei:N7GNTMBL69K5,N7GNTMBL69K5,"INDUSTRIAL TENT SYSTEMS, LLC",Other private contractors,https://api.usaspending.gov/api/v2/awards/CONT_AWD_70CDCR25FR0000079_7012_70CDCR25D00000044_7012/,Official recipient business categories support private entity; not in the approved selected detention contractor list. This is not a finding of no detention role.,reviewed,,2026-09-23
uei:NENAMR865QN6,NENAMR865QN6,"DOCOMO PACIFIC, INC.",Other private contractors,https://api.usaspending.gov/api/v2/awards/CONT_AWD_70CMSD22P00000035_7012_-NONE-_-NONE-/,Official recipient business categories support private entity; not in the approved selected detention contractor list. This is not a finding of no detention role.,reviewed,,2026-09-23
uei:NMX3DMNLQHU5,NMX3DMNLQHU5,OHIO DEPARTMENT OF ADMINISTRATIVE SERVICES,State and local governments,https://api.usaspending.gov/api/v2/awards/CONT_AWD_70CDCR21P00000019_7012_-NONE-_-NONE-/,Official recipient categories identify state/local government; exclude hospitals and universities into the separate public/nonprofit type.,reviewed,,2026-09-23
uei:NQFJGDLJDLN1,NQFJGDLJDLN1,"HAMILTON ENTERPRISES, LLC",Other private contractors,https://api.usaspending.gov/api/v2/awards/CONT_AWD_70CMSW23FR0000007_7012_GS00Q14OADS206_4732/,Official recipient business categories support private entity; not in the approved selected detention contractor list. This is not a finding of no detention role.,reviewed,,2026-09-23
uei:NRRRALJ1H919,NRRRALJ1H919,DALLAS CHILDRENS ADVOCACY CENTER,Other public or nonprofit entities,https://api.usaspending.gov/api/v2/awards/CONT_AWD_70CMSD24P00000137_7012_-NONE-_-NONE-/,Official recipient categories: Nonprofit Organization. Public hospitals/universities are separated from general state/local government.,reviewed,,2026-09-23
uei:P33MHG98ZU64,P33MHG98ZU64,UTAH COMMUNICATIONS AUTHORITY,State and local governments,https://api.usaspending.gov/api/v2/awards/CONT_AWD_70CDCR20P00000044_7012_-NONE-_-NONE-/,Official recipient categories identify state/local government; exclude hospitals and universities into the separate public/nonprofit type.,reviewed,,2026-09-23
uei:P4XNSMKPNGM5,P4XNSMKPNGM5,PRICE MODERN LLC,Unresolved,https://api.usaspending.gov/api/v2/awards/CONT_AWD_70CMSW26FC0000040_7012_70RDAD22A00000001_7001/,Official categories not sufficient for a reviewed type.,pending,,2026-09-23
uei:P7HULKXXD154,P7HULKXXD154,DLK INC,Other private contractors,https://api.usaspending.gov/api/v2/awards/CONT_AWD_70CMSD24P00000153_7012_-NONE-_-NONE-/,Official recipient business categories support private entity; not in the approved selected detention contractor list. This is not a finding of no detention role.,reviewed,,2026-09-23
uei:PC8MDM9DDWT6,PC8MDM9DDWT6,INGENESIS INC,Other private contractors,https://api.usaspending.gov/api/v2/awards/CONT_AWD_70CDCR25FR0000080_7012_70CDCR25D00000047_7012/,Official recipient business categories support private entity; not in the approved selected detention contractor list. This is not a finding of no detention role.,reviewed,,2026-09-23
uei:PUH4LGL9L1G9,PUH4LGL9L1G9,CITY OF COTTAGE GROVE,State and local governments,https://api.usaspending.gov/api/v2/awards/CONT_AWD_70CDCR25P00000021_7012_-NONE-_-NONE-/,Official recipient categories identify state/local government; exclude hospitals and universities into the separate public/nonprofit type.,reviewed,,2026-09-23
uei:Q6E8KHWNKTA5,Q6E8KHWNKTA5,"STOCKTON FORD, INC.",Other private contractors,https://api.usaspending.gov/api/v2/awards/CONT_AWD_70CMSD25P00000118_7012_-NONE-_-NONE-/,Official recipient business categories support private entity; not in the approved selected detention contractor list. This is not a finding of no detention role.,reviewed,,2026-09-23
uei:Q75KA2PDMP88,Q75KA2PDMP88,ONEIDA-STANTEC JV LLC,Other private contractors,https://api.usaspending.gov/api/v2/awards/CONT_AWD_70CMSW26C00000001_7012_-NONE-_-NONE-/,Official recipient business categories support private entity; not in the approved selected detention contractor list. This is not a finding of no detention role.,reviewed,,2026-09-23
uei:Q9F1H8XLKHB8,Q9F1H8XLKHB8,BRISTOL BUILDING CONSTRUCTORS LLC,Other private contractors,https://api.usaspending.gov/api/v2/awards/CONT_AWD_70CMSW25C00000023_7012_-NONE-_-NONE-/,Official recipient business categories support private entity; not in the approved selected detention contractor list. This is not a finding of no detention role.,reviewed,,2026-09-23
uei:QC1FRENYMH26,QC1FRENYMH26,"FRONTLINE MOBILE TECH, LLC",Other private contractors,https://api.usaspending.gov/api/v2/awards/CONT_AWD_70CMSD25P00000073_7012_-NONE-_-NONE-/,Official recipient business categories support private entity; not in the approved selected detention contractor list. This is not a finding of no detention role.,reviewed,,2026-09-23
uei:QEMLRQA7PLG4,QEMLRQA7PLG4,"AMENTUM SERVICES, INC.",Selected private detention contractors,https://api.usaspending.gov/api/v2/awards/CONT_AWD_70CDCR26C00000016_7012_-NONE-_-NONE-/,Approved selected recipient; official ICE detention/services relationship. Company-level classification only.,reviewed,https://www.usaspending.gov/award/CONT_AWD_70CDCR26C00000016_7012_-NONE-_-NONE-,2026-09-23
uei:QHF1FV2KBGH8,QHF1FV2KBGH8,"COPPER RIVER ENTERPRISE SERVICES, LLC",Other private contractors,https://api.usaspending.gov/api/v2/awards/CONT_AWD_70CTD020FC0000078_7012_70CTD019A00000004_7012/,Official recipient business categories support private entity; not in the approved selected detention contractor list. This is not a finding of no detention role.,reviewed,,2026-09-23
uei:QNDUMY6NRQS1,QNDUMY6NRQS1,THE MOUNT VERNON LADIES' ASSOCIATION OF THE UNION,Other public or nonprofit entities,https://api.usaspending.gov/api/v2/awards/CONT_AWD_70CMSD24P00000124_7012_-NONE-_-NONE-/,Official recipient categories: Nonprofit Organization. Public hospitals/universities are separated from general state/local government.,reviewed,,2026-09-23
uei:QVZKF2EPMLT7,QVZKF2EPMLT7,BANISTER FORD OF MARLOW HEIGHTS LLC,Other private contractors,https://api.usaspending.gov/api/v2/awards/CONT_AWD_70CMSW25P00000046_7012_-NONE-_-NONE-/,Official recipient business categories support private entity; not in the approved selected detention contractor list. This is not a finding of no detention role.,reviewed,,2026-09-23
uei:QWQDFDCNJ2H3,QWQDFDCNJ2H3,IMPERIAL VALLEY RIFLE & PISTOL ASSOCIATION INC,Other public or nonprofit entities,https://api.usaspending.gov/api/v2/awards/CONT_AWD_70CDCR25P00000007_7012_-NONE-_-NONE-/,Official recipient categories: Nonprofit Organization. Public hospitals/universities are separated from general state/local government.,reviewed,,2026-09-23
uei:RKF9M2VP5JS6,RKF9M2VP5JS6,"OURISMAN DODGE, INC.",Other private contractors,https://api.usaspending.gov/api/v2/awards/CONT_AWD_70CMSD24P00000118_7012_-NONE-_-NONE-/,Official recipient business categories support private entity; not in the approved selected detention contractor list. This is not a finding of no detention role.,reviewed,,2026-09-23
uei:RRFJZGASZJ41,RRFJZGASZJ41,V2X SYSTEMS LLC,Other private contractors,https://api.usaspending.gov/api/v2/awards/CONT_AWD_70CDCR25FR0000085_7012_70CDCR25D00000018_7012/,Official recipient business categories support private entity; not in the approved selected detention contractor list. This is not a finding of no detention role.,reviewed,,2026-09-23
uei:RW46YPUKDTV5,RW46YPUKDTV5,"CHESAPEAKE SYSTEMS INTERNATIONAL, LLC",Other private contractors,https://api.usaspending.gov/api/v2/awards/CONT_AWD_70CTD025P00000001_7012_-NONE-_-NONE-/,Official recipient business categories support private entity; not in the approved selected detention contractor list. This is not a finding of no detention role.,reviewed,,2026-09-23
uei:RW9CJ1Z2M9H1,RW9CJ1Z2M9H1,TOMAHAWK STRATEGIC SOLUTIONS LLC,Other private contractors,https://api.usaspending.gov/api/v2/awards/CONT_AWD_70CMSW26FR0000036_7012_47QSWA20D002T_4732/,Official recipient business categories support private entity; not in the approved selected detention contractor list. This is not a finding of no detention role.,reviewed,,2026-09-23
uei:RX9JLN13KYH6,RX9JLN13KYH6,"LONG BEACH, CITY OF",State and local governments,https://api.usaspending.gov/api/v2/awards/CONT_AWD_70CDCR20P00000045_7012_-NONE-_-NONE-/,Official recipient categories identify state/local government; exclude hospitals and universities into the separate public/nonprofit type.,reviewed,,2026-09-23
uei:S4L3MKALDM23,S4L3MKALDM23,CHATTAHOOCHEE TRAILER LLC,Other private contractors,https://api.usaspending.gov/api/v2/awards/CONT_AWD_70CMSW25P00000073_7012_-NONE-_-NONE-/,Official recipient business categories support private entity; not in the approved selected detention contractor list. This is not a finding of no detention role.,reviewed,,2026-09-23
uei:S8NPX3Q8MQH3,S8NPX3Q8MQH3,RED ORANGE NORTH AMERICA INC.,Other private contractors,https://api.usaspending.gov/api/v2/awards/CONT_AWD_70CMSD20P00000171_7012_-NONE-_-NONE-/,Official recipient business categories support private entity; not in the approved selected detention contractor list. This is not a finding of no detention role.,reviewed,,2026-09-23
uei:SFKFN7RQHNV3,SFKFN7RQHNV3,"CHENEGA TRI-SERVICES, LLC",Other private contractors,https://api.usaspending.gov/api/v2/awards/CONT_AWD_70CMSW19C00000001_7012_-NONE-_-NONE-/,Official recipient business categories support private entity; not in the approved selected detention contractor list. This is not a finding of no detention role.,reviewed,,2026-09-23
uei:SG98APEZBLZ6,SG98APEZBLZ6,"SAN DIEGO, COUNTY OF",State and local governments,https://api.usaspending.gov/api/v2/awards/CONT_AWD_70CDCR21P00000009_7012_-NONE-_-NONE-/,Official recipient categories identify state/local government; exclude hospitals and universities into the separate public/nonprofit type.,reviewed,,2026-09-23
uei:SHBNTMHAJAB3,SHBNTMHAJAB3,"PRO PARK, LLC",Other private contractors,https://api.usaspending.gov/api/v2/awards/CONT_AWD_70CMSW26P00000024_7012_-NONE-_-NONE-/,Official recipient business categories support private entity; not in the approved selected detention contractor list. This is not a finding of no detention role.,reviewed,,2026-09-23
uei:SVC5U6D9JNQ5,SVC5U6D9JNQ5,KASTEL ENTERPRISES MK LLC,Other private contractors,https://api.usaspending.gov/api/v2/awards/CONT_AWD_70CDCR25FR0000050_7012_70CDCR25D00000030_7012/,Official recipient business categories support private entity; not in the approved selected detention contractor list. This is not a finding of no detention role.,reviewed,,2026-09-23
uei:T3NKFUYR8KB1,T3NKFUYR8KB1,TRI-STATE CAMERA EXCH. INC.,Other private contractors,https://api.usaspending.gov/api/v2/awards/CONT_AWD_70CMSD24FR0000196_7012_GS02F0151U_4730/,Official recipient business categories support private entity; not in the approved selected detention contractor list. This is not a finding of no detention role.,reviewed,,2026-09-23
uei:T4WYLHF3JR49,T4WYLHF3JR49,"MOTOR VEHICLES, NEW YORK STATE DEPARTMENT OF",State and local governments,https://api.usaspending.gov/api/v2/awards/CONT_AWD_70CMSD19P00000020_7012_-NONE-_-NONE-/,Official recipient categories identify state/local government; exclude hospitals and universities into the separate public/nonprofit type.,reviewed,,2026-09-23
uei:TASECLDB7R59,TASECLDB7R59,"GERALD HANSON & ASSOCIATES, INC.",Other private contractors,https://api.usaspending.gov/api/v2/awards/CONT_AWD_70CMSD25P00000012_7012_-NONE-_-NONE-/,Official recipient business categories support private entity; not in the approved selected detention contractor list. This is not a finding of no detention role.,reviewed,,2026-09-23
uei:TTLUYN248DA1,TTLUYN248DA1,GUARDIAN 6 SOLUTIONS LLC,Other private contractors,https://api.usaspending.gov/api/v2/awards/CONT_AWD_70CDCR25FR0000077_7012_70CDCR25D00000038_7012/,Official recipient business categories support private entity; not in the approved selected detention contractor list. This is not a finding of no detention role.,reviewed,,2026-09-23
uei:U8LTFJCZLK68,U8LTFJCZLK68,PHILADELPHIA PARKING AUTHORITY,State and local governments,https://api.usaspending.gov/api/v2/awards/CONT_AWD_70CMSD25P00000116_7012_-NONE-_-NONE-/,Official recipient categories identify state/local government; exclude hospitals and universities into the separate public/nonprofit type.,reviewed,,2026-09-23
uei:UF3FMLEAWT13,UF3FMLEAWT13,ASPEN MEDICAL USA INC,Other private contractors,https://api.usaspending.gov/api/v2/awards/CONT_AWD_70CDCR25FR0000078_7012_70CDCR25D00000031_7012/,Official recipient business categories support private entity; not in the approved selected detention contractor list. This is not a finding of no detention role.,reviewed,,2026-09-23
uei:UKQUPVHWM6V9,UKQUPVHWM6V9,UNIVERSAL STRATEGIC ADVISORS LLC,Other private contractors,https://api.usaspending.gov/api/v2/awards/CONT_AWD_70CDCR25FR0000059_7012_70CDCR25D00000057_7012/,Official recipient business categories support private entity; not in the approved selected detention contractor list. This is not a finding of no detention role.,reviewed,,2026-09-23
uei:USNZM57HK7A5,USNZM57HK7A5,LOW KOUNTRY INK MOBILE NOTARY LLC,Other private contractors,https://api.usaspending.gov/api/v2/awards/CONT_AWD_70CDCR25FR0000098_7012_70CDCR23D00000013_7012/,Official recipient business categories support private entity; not in the approved selected detention contractor list. This is not a finding of no detention role.,reviewed,,2026-09-23
uei:UZA2MELMDZZ1,UZA2MELMDZZ1,COUNTY OF PALM BEACH,State and local governments,https://api.usaspending.gov/api/v2/awards/CONT_AWD_70CMSD24P00000103_7012_-NONE-_-NONE-/,Official recipient categories identify state/local government; exclude hospitals and universities into the separate public/nonprofit type.,reviewed,,2026-09-23
uei:V84BBXQ5YXT8,V84BBXQ5YXT8,CALIFORNIA HIGHWAY PATROLMANS CLUB,Other public or nonprofit entities,https://api.usaspending.gov/api/v2/awards/CONT_AWD_70CDCR25C00000003_7012_-NONE-_-NONE-/,Official recipient categories: Nonprofit Organization. Public hospitals/universities are separated from general state/local government.,reviewed,,2026-09-23
uei:VYUMS7L1EGL1,VYUMS7L1EGL1,STARSIDE SECURITY & INVESTIGATION INC,Other private contractors,https://api.usaspending.gov/api/v2/awards/CONT_AWD_70CMSD24FR0000162_7012_47QSMS24D0063_4732/,Official recipient business categories support private entity; not in the approved selected detention contractor list. This is not a finding of no detention role.,reviewed,,2026-09-23
uei:W1KTDYYP2SD6,W1KTDYYP2SD6,"RECOVERY SOLUTIONS OF SOUTH CAROLINA, LLC",Other private contractors,https://api.usaspending.gov/api/v2/awards/CONT_AWD_70CDCR26FR0000080_7012_15M40026DA3500012_1544/,"Official recipient categories identify a hospital organized as an LLC, with no government or nonprofit category. Hospital service type alone does not establish public or nonprofit status.",reviewed,,2026-09-23
uei:W32AQK4BCKG3,W32AQK4BCKG3,"CASTLE HILL PARTNERS, INC",Other private contractors,https://api.usaspending.gov/api/v2/awards/CONT_AWD_70CMSW25P00000057_7012_-NONE-_-NONE-/,Official recipient business categories support private entity; not in the approved selected detention contractor list. This is not a finding of no detention role.,reviewed,,2026-09-23
uei:W3HVB3149KQ9,W3HVB3149KQ9,TOWN OF LANCASTER,State and local governments,https://api.usaspending.gov/api/v2/awards/CONT_AWD_70CDCR22P00000006_7012_-NONE-_-NONE-/,Official recipient categories identify state/local government; exclude hospitals and universities into the separate public/nonprofit type.,reviewed,,2026-09-23
uei:WC4EBR56YXL3,WC4EBR56YXL3,EOLA POWER LLC,Other private contractors,https://api.usaspending.gov/api/v2/awards/CONT_AWD_70CDCR24P00000027_7012_-NONE-_-NONE-/,Official recipient business categories support private entity; not in the approved selected detention contractor list. This is not a finding of no detention role.,reviewed,,2026-09-23
uei:WGN2KJJD27Q3,WGN2KJJD27Q3,AKIMA INFRASTRUCTURE PROTECTION LLC,Selected private detention contractors,https://api.usaspending.gov/api/v2/awards/CONT_AWD_70CDCR24FR0000005_7012_70CDCR22D00000002_7012/,Approved selected recipient; official ICE detention/services relationship. Company-level classification only.,reviewed,https://www.usaspending.gov/award/CONT_AWD_70CDCR24FR0000005_7012_70CDCR22D00000002_7012,2026-09-23
uei:WUVWJLHRU5A5,WUVWJLHRU5A5,LOCKHEED MARTIN CORPORATION,Other private contractors,https://api.usaspending.gov/api/v2/awards/CONT_AWD_70CMSD25P00000125_7012_-NONE-_-NONE-/,Official recipient business categories support private entity; not in the approved selected detention contractor list. This is not a finding of no detention role.,reviewed,,2026-09-23
uei:XXJXSMP4H4J1,XXJXSMP4H4J1,"ACTIVE DEPLOYMENT SYSTEMS, LLC",Other private contractors,https://api.usaspending.gov/api/v2/awards/CONT_AWD_70CDCR25FR0000060_7012_70CDCR25D00000022_7012/,Official recipient business categories support private entity; not in the approved selected detention contractor list. This is not a finding of no detention role.,reviewed,,2026-09-23
uei:XYHKU4ZSM7V8,XYHKU4ZSM7V8,WOODLAND PARK RANGE II LLC,Other private contractors,https://api.usaspending.gov/api/v2/awards/CONT_AWD_70CDCR22P00000016_7012_-NONE-_-NONE-/,Official recipient business categories support private entity; not in the approved selected detention contractor list. This is not a finding of no detention role.,reviewed,,2026-09-23
uei:XZ4ZUPC1LAK3,XZ4ZUPC1LAK3,"GRANITE TELECOMMUNICATIONS, LLC",Other private contractors,https://api.usaspending.gov/api/v2/awards/CONT_AWD_70CTD022FR0000092_7012_GS00Q17NSD3004_4732/,Official recipient business categories support private entity; not in the approved selected detention contractor list. This is not a finding of no detention role.,reviewed,,2026-09-23
uei:Y54FQAPG4TN5,Y54FQAPG4TN5,LOYAL SOURCE GOVERNMENT SERVICES LLC,Other private contractors,https://api.usaspending.gov/api/v2/awards/CONT_AWD_70CDCR25FR0000048_7012_70CDCR25D00000058_7012/,Official recipient business categories support private entity; not in the approved selected detention contractor list. This is not a finding of no detention role.,reviewed,,2026-09-23
uei:Y5U3BSK2G389,Y5U3BSK2G389,ACQUISITION LOGISTICS LLC,Selected private detention contractors,https://api.usaspending.gov/api/v2/awards/CONT_AWD_70CDCR26FR0000001_7012_N0002325D0004_9700/,Approved selected recipient; official ICE detention/services relationship. Company-level classification only.,reviewed,https://www.usaspending.gov/award/CONT_AWD_70CDCR26FR0000001_7012_N0002325D0004_9700,2026-09-23
uei:YLE5AAYNVPK6,YLE5AAYNVPK6,"NOBLE SUPPLY & LOGISTICS, LLC",Other private contractors,https://api.usaspending.gov/api/v2/awards/CONT_AWD_70CMSD24P00000174_7012_-NONE-_-NONE-/,Official recipient business categories support private entity; not in the approved selected detention contractor list. This is not a finding of no detention role.,reviewed,,2026-09-23
uei:YMMWDH6EKZM6,YMMWDH6EKZM6,RANSOM STODDARD ATLANTA LLC,Other private contractors,https://api.usaspending.gov/api/v2/awards/CONT_AWD_70CDCR26P00000011_7012_-NONE-_-NONE-/,Official recipient business categories support private entity; not in the approved selected detention contractor list. This is not a finding of no detention role.,reviewed,,2026-09-23
uei:YPABB25UK1L3,YPABB25UK1L3,DELTA POINT LLC,Other private contractors,https://api.usaspending.gov/api/v2/awards/CONT_AWD_70CDCR26FR0000087_7012_70CDCR26D00000036_7012/,Official recipient business categories support private entity; not in the approved selected detention contractor list. This is not a finding of no detention role.,reviewed,,2026-09-23
uei:YV2MG1WKYEQ3,YV2MG1WKYEQ3,JOHNSON CONTROLS SECURITY SOLUTIONS LLC,Other private contractors,https://api.usaspending.gov/api/v2/awards/CONT_AWD_70CDCR25FR0000034_7012_GS07F225CA_4732/,Official recipient business categories support private entity; not in the approved selected detention contractor list. This is not a finding of no detention role.,reviewed,,2026-09-23
uei:YWJJK1EQNDD7,YWJJK1EQNDD7,CITY OF KANSAS CITY,State and local governments,https://api.usaspending.gov/api/v2/awards/CONT_AWD_70CMSD24P00000173_7012_-NONE-_-NONE-/,Official recipient categories identify state/local government; exclude hospitals and universities into the separate public/nonprofit type.,reviewed,,2026-09-23
uei:YZTLALWM4UC7,YZTLALWM4UC7,STERLING COMPUTERS CORPORATION,Other private contractors,https://api.usaspending.gov/api/v2/awards/CONT_AWD_70CTD025FR0000079_7012_NNG15SC89B_8000/,Official recipient business categories support private entity; not in the approved selected detention contractor list. This is not a finding of no detention role.,reviewed,,2026-09-23
uei:Z2JQKRJ7EWF6,Z2JQKRJ7EWF6,ENSURITY MOBILE CORP.,Other private contractors,https://api.usaspending.gov/api/v2/awards/CONT_AWD_70CMSD25P00000139_7012_-NONE-_-NONE-/,Official recipient business categories support private entity; not in the approved selected detention contractor list. This is not a finding of no detention role.,reviewed,,2026-09-23
uei:Z5JLMFHLJF59,Z5JLMFHLJF59,"KIG TECHNICAL SERVICES, LLC",Other private contractors,https://api.usaspending.gov/api/v2/awards/CONT_AWD_70CDCR25FR0000053_7012_70CDCR25D00000036_7012/,Official recipient business categories support private entity; not in the approved selected detention contractor list. This is not a finding of no detention role.,reviewed,,2026-09-23
uei:ZE2JVFS8ML75,ZE2JVFS8ML75,"RESPONSE AI SOLUTIONS, LLC",Other private contractors,https://api.usaspending.gov/api/v2/awards/CONT_AWD_70CDCR25FR0000072_7012_70CDCR25D00000024_7012/,Official recipient business categories support private entity; not in the approved selected detention contractor list. This is not a finding of no detention role.,reviewed,,2026-09-23
uei:ZGK8GFKKMEJ8,ZGK8GFKKMEJ8,ALEXANDER ELECTRIC CO.,Other private contractors,https://api.usaspending.gov/api/v2/awards/CONT_AWD_70CMSW25P00000028_7012_-NONE-_-NONE-/,Official recipient business categories support private entity; not in the approved selected detention contractor list. This is not a finding of no detention role.,reviewed,,2026-09-23
uei:ZHJYA5NN32Z5,ZHJYA5NN32Z5,"MVM, INC.",Other private contractors,https://api.usaspending.gov/api/v2/awards/CONT_AWD_70CDCR23C00000001_7012_-NONE-_-NONE-/,Official recipient business categories support private entity; not in the approved selected detention contractor list. This is not a finding of no detention role.,reviewed,,2026-09-23
uei:ZJ9HA84KDTJ9,ZJ9HA84KDTJ9,"GUARDIAN CENTERS OF GEORGIA, LLC",Other private contractors,https://api.usaspending.gov/api/v2/awards/CONT_AWD_70CMSD23P00000023_7012_-NONE-_-NONE-/,Official recipient business categories support private entity; not in the approved selected detention contractor list. This is not a finding of no detention role.,reviewed,,2026-09-23
uei:ZJFDNMA46LT9,ZJFDNMA46LT9,XATOR LLC,Other private contractors,https://api.usaspending.gov/api/v2/awards/CONT_AWD_70CDCR25FR0000083_7012_70CDCR25D00000034_7012/,Official recipient business categories support private entity; not in the approved selected detention contractor list. This is not a finding of no detention role.,reviewed,,2026-09-23
uei:ZX23KR32ZH32,ZX23KR32ZH32,CADUCEUS INC.,Other private contractors,https://api.usaspending.gov/api/v2/awards/CONT_AWD_70CDCR25FR0000054_7012_70CDCR25D00000033_7012/,Official recipient business categories support private entity; not in the approved selected detention contractor list. This is not a finding of no detention role.,reviewed,,2026-09-23
