path,source_url,retrieved_at,sha256,bytes,role,license_note
data/raw/DHS_FY2025P12_c/FY2025P01-P12_070_TAS_AccountBreakdownByAward_2026-09-16_H02M54S16646960.zip,https://files.usaspending.gov/generated_downloads/FY2025P01-P12_070_TAS_AccountBreakdownByAward_2026-09-16_H02M54S16646960.zip,2026-09-16T02:59:31.399670+00:00,daf29490dbba7724c8dc3202c241937e857ec45380a66ef3cd0b439a8cb9744f,102297521,file_c_archive,Public U.S. federal spending data; no separate license asserted in acquisition receipt.
data/raw/DHS_FY2025P12_c/acquisition_receipt.json,https://files.usaspending.gov/generated_downloads/FY2025P01-P12_070_TAS_AccountBreakdownByAward_2026-09-16_H02M54S16646960.zip,2026-09-16T02:59:31.399670+00:00,c3d57fc743ca9ca09d1a77f714a0ef34236c2b0694f4d45aade80d5d620dad00,2307,acquisition_receipt,Public-safe receipt derivative; original SHA-256 recorded in receipt.
data/raw/DHS_FY2026P10_c/FY2026P01-P10_070_TAS_AccountBreakdownByAward_2026-09-15_H22M11S11234807.zip,https://files.usaspending.gov/generated_downloads/FY2026P01-P10_070_TAS_AccountBreakdownByAward_2026-09-15_H22M11S11234807.zip,2026-09-15T22:19:19.225611+00:00,dc30777a44de5d9008dc9d9ae350725fbd01efcba78920d6d422357e6221d643,21004074,file_c_archive,Public U.S. federal spending data; no separate license asserted in acquisition receipt.
data/raw/DHS_FY2026P10_c/acquisition_receipt.json,https://files.usaspending.gov/generated_downloads/FY2026P01-P10_070_TAS_AccountBreakdownByAward_2026-09-15_H22M11S11234807.zip,2026-09-15T22:19:19.225611+00:00,2d9861238528c65ba80f0c9fe21fbeabdf01d8d46cded9b4f14bc75ca99b8899,1943,acquisition_receipt,Public-safe receipt derivative; original SHA-256 recorded in receipt.
data/raw/DHS_FY2025P12_ab/FY2025P01-P12_070_TAS_AccountData_2026-09-16_H02M52S45372426.zip,https://files.usaspending.gov/generated_downloads/FY2025P01-P12_070_TAS_AccountData_2026-09-16_H02M52S45372426.zip,2026-09-16T02:53:45.906921+00:00,ea306acea58ce3fa0eb51619d091d0b31cf0b07a689f1e7cc7ffa3b05b60c51e,569347,file_b_archive,Frozen public USAspending source; receipt paths are historical metadata.
data/raw/DHS_FY2025P12_ab/acquisition_receipt.json,https://files.usaspending.gov/generated_downloads/FY2025P01-P12_070_TAS_AccountData_2026-09-16_H02M52S45372426.zip,2026-09-16T02:53:45.906921+00:00,b632efea068239ff0ee5b5f1ef3474241c74232ef594dc677b10b0e87a5fe602,1538,acquisition_receipt,Public-safe receipt derivative; original SHA-256 recorded in receipt.
data/raw/DHS_FY2026P10_ab/FY2026P01-P10_070_TAS_AccountData_2026-09-15_H22M19S13167555.zip,https://files.usaspending.gov/generated_downloads/FY2026P01-P10_070_TAS_AccountData_2026-09-15_H22M19S13167555.zip,2026-09-15T22:19:54.144583+00:00,30fc4a9b5c1125da068b058d8b796994f8affe147458a80ca39498c4676ef641,523192,file_b_archive,Frozen public USAspending source; receipt paths are historical metadata.
data/raw/DHS_FY2026P10_ab/acquisition_receipt.json,https://files.usaspending.gov/generated_downloads/FY2026P01-P10_070_TAS_AccountData_2026-09-15_H22M19S13167555.zip,2026-09-15T22:19:54.144583+00:00,b814d0116fed7763fadbd39efc24baac03e4e3f9951b4f9428711c8dc2bd190d,1538,acquisition_receipt,Public-safe receipt derivative; original SHA-256 recorded in receipt.
data/raw/DHS_FY2025P04_ab/FY2025P01-P04_070_TAS_AccountData_2026-09-23_H21M46S28192087.zip,https://files.usaspending.gov/generated_downloads/FY2025P01-P04_070_TAS_AccountData_2026-09-23_H21M46S28192087.zip,2026-09-23T21:47:51.258759+00:00,08a320da64477811c6d635509e7e02d3404ef6f7df1244ad32a7e97f3c8bfdeb,471839,file_b_archive,Frozen public USAspending source; January 2025 baseline acquired under the approved February-start amendment.
data/raw/DHS_FY2025P04_ab/acquisition_receipt.json,https://files.usaspending.gov/generated_downloads/FY2025P01-P04_070_TAS_AccountData_2026-09-23_H21M46S28192087.zip,2026-09-23T21:47:51.258759+00:00,f3b7f221fae99b0b205f2bfcb1602acc797c30c52b4bb0689f290eb1e95dab19,1293,acquisition_receipt,Public-safe receipt derivative; original SHA-256 recorded in receipt.
