path,source_url,retrieved_at,sha256,bytes,role,archive_path,archive_member,source_ref,original_sha256
data/chart_2_recipient_crosswalk.csv,,,ac37716008947a14a708f95dd17b1c135be910640739033ff17655b046453114,62567,bundled_source,,,File_C_blog_post/data/chart_2_recipient_crosswalk.csv,
data/raw/DHS_FY2025P04_ab/FY2025P01-P04_070_TAS_AccountData_2026-09-23_H21M46S28192087.zip,https://files.usaspending.gov/generated_downloads/FY2025P01-P04_070_TAS_AccountData_2026-09-23_H21M46S28192087.zip,2026-09-23T21:47:51.258759+00:00,08a320da64477811c6d635509e7e02d3404ef6f7df1244ad32a7e97f3c8bfdeb,471839,file_b_archive,,,data/comparison_source_manifest.csv,
data/raw/DHS_FY2025P04_ab/acquisition_receipt.json,,,f3b7f221fae99b0b205f2bfcb1602acc797c30c52b4bb0689f290eb1e95dab19,1293,bundled_source,,,data/receipt_derivation.json,
data/raw/DHS_FY2025P12_ab/FY2025P01-P12_070_TAS_AccountData_2026-09-16_H02M52S45372426.zip,https://files.usaspending.gov/generated_downloads/FY2025P01-P12_070_TAS_AccountData_2026-09-16_H02M52S45372426.zip,2026-09-16T02:53:45.906921+00:00,ea306acea58ce3fa0eb51619d091d0b31cf0b07a689f1e7cc7ffa3b05b60c51e,569347,file_b_archive,,,data/comparison_source_manifest.csv,
data/raw/DHS_FY2025P12_ab/acquisition_receipt.json,,,b632efea068239ff0ee5b5f1ef3474241c74232ef594dc677b10b0e87a5fe602,1538,bundled_source,,,data/receipt_derivation.json,
data/raw/DHS_FY2025P12_c/FY2025P01-P12_070_TAS_AccountBreakdownByAward_2026-09-16_H02M54S16646960.zip,https://files.usaspending.gov/generated_downloads/FY2025P01-P12_070_TAS_AccountBreakdownByAward_2026-09-16_H02M54S16646960.zip,2026-09-16T02:59:31.399670+00:00,daf29490dbba7724c8dc3202c241937e857ec45380a66ef3cd0b439a8cb9744f,102297521,file_c_archive,,,data/comparison_source_manifest.csv,
data/raw/DHS_FY2025P12_c/acquisition_receipt.json,,,c3d57fc743ca9ca09d1a77f714a0ef34236c2b0694f4d45aade80d5d620dad00,2307,bundled_source,,,data/receipt_derivation.json,
data/raw/DHS_FY2025P12_c/extracted/FY2025P01-P12_070_TAS_Assistance_AccountBreakdownByAward_2026-09-16_H02M56S53_01.csv,,2026-09-16T02:59:31.399670+00:00,8a8e8a168b5c414d42f0206fb833f711a43015e0503a52e4f9e146779b1a6e5b,715328875,file_c_member,data/raw/DHS_FY2025P12_c/FY2025P01-P12_070_TAS_AccountBreakdownByAward_2026-09-16_H02M54S16646960.zip,FY2025P01-P12_070_TAS_Assistance_AccountBreakdownByAward_2026-09-16_H02M56S53_01.csv,facility-name-screen source manifest,
data/raw/DHS_FY2025P12_c/extracted/FY2025P01-P12_070_TAS_Assistance_AccountBreakdownByAward_2026-09-16_H02M56S53_02.csv,,2026-09-16T02:59:31.399670+00:00,5eaba9bf301d1afcbc7494d73fa08be8446297fed89328b5938a83661fb01a28,715315733,file_c_member,data/raw/DHS_FY2025P12_c/FY2025P01-P12_070_TAS_AccountBreakdownByAward_2026-09-16_H02M54S16646960.zip,FY2025P01-P12_070_TAS_Assistance_AccountBreakdownByAward_2026-09-16_H02M56S53_02.csv,facility-name-screen source manifest,
data/raw/DHS_FY2025P12_c/extracted/FY2025P01-P12_070_TAS_Contracts_AccountBreakdownByAward_2026-09-16_H02M56S53_01.csv,,2026-09-16T02:59:31.399670+00:00,83d99c7fa8410c2646e8a5addcab378dd4642c645ca5e4d27e4ce37773d4349f,447477923,file_c_member,data/raw/DHS_FY2025P12_c/FY2025P01-P12_070_TAS_AccountBreakdownByAward_2026-09-16_H02M54S16646960.zip,FY2025P01-P12_070_TAS_Contracts_AccountBreakdownByAward_2026-09-16_H02M56S53_01.csv,facility-name-screen source manifest,
data/raw/DHS_FY2025P12_c/extracted/FY2025P01-P12_070_TAS_Unlinked_AccountBreakdownByAward_2026-09-16_H02M56S53_01.csv,,2026-09-16T02:59:31.399670+00:00,46e0a16df0c838c6634c7f05319603e5098da7ec08d594b8335b25ed14b7d03f,3091637,file_c_member,data/raw/DHS_FY2025P12_c/FY2025P01-P12_070_TAS_AccountBreakdownByAward_2026-09-16_H02M54S16646960.zip,FY2025P01-P12_070_TAS_Unlinked_AccountBreakdownByAward_2026-09-16_H02M56S53_01.csv,facility-name-screen source manifest,
data/raw/DHS_FY2026P10_ab/FY2026P01-P10_070_TAS_AccountData_2026-09-15_H22M19S13167555.zip,https://files.usaspending.gov/generated_downloads/FY2026P01-P10_070_TAS_AccountData_2026-09-15_H22M19S13167555.zip,2026-09-15T22:19:54.144583+00:00,30fc4a9b5c1125da068b058d8b796994f8affe147458a80ca39498c4676ef641,523192,file_b_archive,,,data/comparison_source_manifest.csv,
data/raw/DHS_FY2026P10_ab/acquisition_receipt.json,,,b814d0116fed7763fadbd39efc24baac03e4e3f9951b4f9428711c8dc2bd190d,1538,bundled_source,,,data/receipt_derivation.json,
data/raw/DHS_FY2026P10_c/FY2026P01-P10_070_TAS_AccountBreakdownByAward_2026-09-15_H22M11S11234807.zip,https://files.usaspending.gov/generated_downloads/FY2026P01-P10_070_TAS_AccountBreakdownByAward_2026-09-15_H22M11S11234807.zip,2026-09-15T22:19:19.225611+00:00,dc30777a44de5d9008dc9d9ae350725fbd01efcba78920d6d422357e6221d643,21004074,file_c_archive,,,data/comparison_source_manifest.csv,
data/raw/DHS_FY2026P10_c/acquisition_receipt.json,,,2d9861238528c65ba80f0c9fe21fbeabdf01d8d46cded9b4f14bc75ca99b8899,1943,bundled_source,,,data/receipt_derivation.json,
data/raw/DHS_FY2026P10_c/extracted/FY2026P01-P10_070_TAS_Assistance_AccountBreakdownByAward_2026-09-15_H22M13S36_01.csv,,2026-09-15T22:19:19.225611+00:00,e8c9b64afc28fd8ed52b9fc2ad0413a0e7f7206d32deeac3e9973188fffe26d5,272187565,file_c_member,data/raw/DHS_FY2026P10_c/FY2026P01-P10_070_TAS_AccountBreakdownByAward_2026-09-15_H22M11S11234807.zip,FY2026P01-P10_070_TAS_Assistance_AccountBreakdownByAward_2026-09-15_H22M13S36_01.csv,facility-name-screen source manifest,
data/raw/DHS_FY2026P10_c/extracted/FY2026P01-P10_070_TAS_Contracts_AccountBreakdownByAward_2026-09-15_H22M13S36_01.csv,,2026-09-15T22:19:19.225611+00:00,383faf369f987aaf1e2684fe3ab10bb208bec043818a72270188ec3401eb12ed,372658568,file_c_member,data/raw/DHS_FY2026P10_c/FY2026P01-P10_070_TAS_AccountBreakdownByAward_2026-09-15_H22M11S11234807.zip,FY2026P01-P10_070_TAS_Contracts_AccountBreakdownByAward_2026-09-15_H22M13S36_01.csv,facility-name-screen source manifest,
data/raw/DHS_FY2026P10_c/extracted/FY2026P01-P10_070_TAS_Unlinked_AccountBreakdownByAward_2026-09-15_H22M13S36_01.csv,,2026-09-15T22:19:19.225611+00:00,0c026becd57030702f2a06fafaded3acd25ec358521c3fe910d1ae206807e215,6288392,file_c_member,data/raw/DHS_FY2026P10_c/FY2026P01-P10_070_TAS_AccountBreakdownByAward_2026-09-15_H22M11S11234807.zip,FY2026P01-P10_070_TAS_Unlinked_AccountBreakdownByAward_2026-09-15_H22M13S36_01.csv,facility-name-screen source manifest,
data/reference/2025_Gaz_counties_national.zip,https://www2.census.gov/geo/docs/maps-data/data/gazetteer/2025_Gazetteer/2025_Gaz_counties_national.zip,2026-09-21,4c90d0f805779923b5958ab13d0c1e9b99fe4932b786bfcf75dd739bb2dcb4ea,138993,bundled_source,,,data/source_manifest.csv,
data/reference/2025_Gaz_state_national.zip,https://www2.census.gov/geo/docs/maps-data/data/gazetteer/2025_Gazetteer/2025_Gaz_state_national.zip,2026-09-21,5c0bb56f4824af366538d73bffd229e790d301356624302eeca24d09cf27ba30,2863,bundled_source,,,data/source_manifest.csv,
data/shared_recipient_crosswalk.csv,,,d27b4e10ddad1b6f461d9c2969ae5f499b4574aa30e55c7b240dd02fd1fe85d5,326791,bundled_source,,,File_C_blog_post/data/shared_recipient_crosswalk.csv,
data/small/facility_name_screen/approved_award_facility_pairs.csv,,,152e33621b144b0b64d412c8c917b8d2d300fc59d52848b75b72f19cdca3f38f,41706,bundled_source,,,File_C_blog_post/provenance/portable_review/approved_award_facility_pairs.csv,
data/small/facility_name_screen/camp_east_cases_derivation.json,,,13d63665ec0e1f2ab6f6cbe2bcace1794f8d2d8fed6fab05b4bb6c1b3e318d73,797,bundled_source,,,File_C_blog_post/provenance/portable_review/camp_east_cases_derivation.json,
data/small/facility_name_screen/detention_roster_facility_snapshot_panel.csv,,,24fb15db3a73d51d0c39068ba2764b60c15247336cd016f88c8c74ffcc2dc19b,5176907,bundled_source,,,File_C_blog_post/provenance/portable_panel/detention_roster_facility_snapshot_panel.csv,
data/small/facility_name_screen/panel_derivation.json,,,90e940480313a41c8ea72003a839fa7a56b0ec8dfbf955d07217f91ed5a3fa47,670,bundled_source,,,File_C_blog_post/provenance/portable_panel/panel_derivation.json,
data/small/facility_name_screen/portable_review_derivation.json,,,1f45ac84641a0c3c998953ef5c507d652ecb387a9e8e6a3fc13640c43f4d1390,2001,bundled_source,,,File_C_blog_post/provenance/portable_review/portable_review_derivation.json,
data/small/facility_name_screen/review_inputs/camp_east_v6_cases.json,,,44c023443b88dfb19fd3a08387b49e6642d058aa8b7af063541d6b0375351207,38346,bundled_source,,,File_C_blog_post/provenance/portable_review/camp_east_v6_cases.json,
data/small/facility_name_screen/review_inputs/camp_east_v6_decisions.csv,,,491023fbc54350e2005b2a775b976293d118f47096c98c99c1f0f7cd412789dd,2263,bundled_source,,,File_C_blog_post/facility_pilot/review_inputs/camp_east_v6_decisions.csv,
data/small/facility_name_screen/review_inputs/facility_name_fragment_candidates.csv,,,d2fcf844f7c7629d51bde613730fdaa75db388a1a0fe5ffe335e78138a658f2a,14286,bundled_source,,,File_C_blog_post/provenance/portable_review/facility_name_fragment_candidates.csv,
data/small/facility_name_screen/review_inputs/facility_name_fragment_review_approval.json,,,60c0d22cda87efbc10864d8ade45e0b2a7c286784e7dbbbd8794106412ca28bd,1107,bundled_source,,,File_C_blog_post/provenance/portable_review/facility_name_fragment_review_approval.json,
data/small/facility_name_screen/review_inputs/facility_name_fragments.csv,,,fd18c2ac552f307f7dfd3062f10ca2637216fa7e4f19539e18f0fa7337ba1d2f,4350,bundled_source,,,File_C_blog_post/provenance/portable_review/facility_name_fragments.csv,
data/small/facility_name_screen/source_api/award_details/CONT_AWD_70CDCR25FR0000011_7012_70CDCR20D00000007_7012.json,,,4c46d00d8e9cf694483c684e3f5d51e21b7b541fa7e8f569c785216f350e04d6,8277,bundled_source,,,data/raw/usaspending/api/award_details/CONT_AWD_70CDCR25FR0000011_7012_70CDCR20D00000007_7012.json,
data/small/facility_name_screen/source_api/award_details/CONT_AWD_70CDCR26C00000016_7012_-NONE-_-NONE-.json,,,1be055b0b8fccf0821cdf60467ac0119d4691b4a294d0fed47b208e3c2f96d0e,7846,bundled_source,,,data/raw/usaspending/api/award_details/CONT_AWD_70CDCR26C00000016_7012_-NONE-_-NONE-.json,
data/small/facility_name_screen/source_api/award_details/CONT_AWD_70CDCR26FR0000001_7012_N0002325D0004_9700.json,,,2ac753b9dc79346c691509b534233cee344b6b090fb0e7913fd34004875ad032,8758,bundled_source,,,data/raw/usaspending/api/award_details/CONT_AWD_70CDCR26FR0000001_7012_N0002325D0004_9700.json,
data/small/facility_name_screen/source_api/award_details/CONT_AWD_70CDCR26FR0000042_7012_70CDCR20D00000008_7012.json,,,2deac3edfce4742d96295ee16453fe8cf3d3486a7616c75457c2e5ccf769e0e2,8392,bundled_source,,,data/raw/usaspending/api/award_details/CONT_AWD_70CDCR26FR0000042_7012_70CDCR20D00000008_7012.json,
data/small/facility_name_screen/source_api/transactions/CONT_AWD_70CDCR25FR0000011_7012_70CDCR20D00000007_7012.json,,,a0f03332f7e1ac3e4e4fe68f4646d2f33fdb8f290d96479135e91f0a0ca770d9,4409,bundled_source,,,data/raw/usaspending/api/transactions/CONT_AWD_70CDCR25FR0000011_7012_70CDCR20D00000007_7012.json,
data/small/facility_name_screen/source_api/transactions/CONT_AWD_70CDCR26C00000016_7012_-NONE-_-NONE-.json,,,098e20fdd39fe0aa7040e92e7c671b1abf3829488d9d08306daae5737e0168c7,748,bundled_source,,,data/raw/usaspending/api/transactions/CONT_AWD_70CDCR26C00000016_7012_-NONE-_-NONE-.json,
data/small/facility_name_screen/source_api/transactions/CONT_AWD_70CDCR26FR0000001_7012_N0002325D0004_9700.json,,,0be1881b29ded0f30ca7a23176e364b9d2355eba0cc43dd5a2ebec87124f1df3,1432,bundled_source,,,data/raw/usaspending/api/transactions/CONT_AWD_70CDCR26FR0000001_7012_N0002325D0004_9700.json,
data/small/facility_name_screen/source_api/transactions/CONT_AWD_70CDCR26FR0000042_7012_70CDCR20D00000008_7012.json,,,c9847df1d5be4675862c84a9693ef5f813d88a7bead01038b997fd8559315b76,3272,bundled_source,,,data/raw/usaspending/api/transactions/CONT_AWD_70CDCR26FR0000042_7012_70CDCR20D00000008_7012.json,
data/small/facility_name_screen/source_manifest.json,,,9352f2a69f9302f1e13dc0b9e4917484a226bb27c13bf423fa262f18cd6304e0,25871,bundled_source,,,File_C_blog_post/provenance/portable_review/source_manifest.json,
data/small/facility_name_screen/v6/award_period_review.csv,,,3a12271c2d3a63e7975f26de0f1a83059e98c9fa188250d7f5e1e99a9eec2a79,56529,bundled_source,,,File_C_blog_post/facility_pilot/v6/award_period_review.csv,
data/small/facility_name_screen/v6/financial_rows.csv,,,5548234b4df8a715aa0119ec3fc5ee515df2709a5b65ffcb844db8a16cdb3276,922172,bundled_source,,,File_C_blog_post/facility_pilot/v6/financial_rows.csv,
data/small/facility_name_screen/v6/review_facilities.csv,,,a270f8a76be79c358266c31743a7b900f056df7e4bd4059ccade43715968519b,40818,bundled_source,,,File_C_blog_post/facility_pilot/v6/review_facilities.csv,
docs/semantic_rulebook.md,,,4d46c9d94f51b9f96dd7200103b8498d9002af4e3b25d32022bdf99a516d9d3f,55159,bundled_source,,,File_C_blog_post/provenance/portable_rulebook/semantic_rulebook.md,
provenance/chart_2_entity_evidence.json,,,821aecbae681bd6804e9fc295ae880ef1cdca811166857e7467aa5c70dbf95a9,175495,bundled_source,,,File_C_blog_post/provenance/portable_chart_2/chart_2_entity_evidence.json,
provenance/object_class_25_2_entity_evidence.json,,,4eefe4c51b0fce91db7ad7f914e28ab071c514b233825a6d6824e0b838e1d326,1030903,bundled_source,,,File_C_blog_post/provenance/portable_chart_2/object_class_25_2_entity_evidence.json,
provenance/object_class_25_2_source_context.json,,,f47b3132faf770fc90b57dd994632f171ae821bb862d9ad809f82aca5cc3e55f,9689,bundled_source,,,File_C_blog_post/provenance/portable_chart_2/object_class_25_2_source_context.json,
provenance/portable_chart_2_evidence_lineage.json,,,f99aa1930248ec4d98e338dbe509fd832caf59bbf08d86e32a104fc070974dcb,4592,bundled_source,,,File_C_blog_post/provenance/portable_chart_2/portable_chart_2_evidence_lineage.json,
provenance/portable_rulebook_lineage.json,,,8a000464856f3eaafac1cdfc144aa4a3bf946fc3318a08449f530bef71487f34,1010,bundled_source,,,File_C_blog_post/provenance/portable_rulebook/portable_rulebook_lineage.json,
provenance/private_entity_rule_v1.json,,,9e0696aca2821308beec3cb610a2c841c16f634bad5e474ca94a33d46f59f69b,735623,bundled_source,,,File_C_blog_post/provenance/private_entity_rule_v1.json,
provenance/shared_25_4_award_check.json,,,f5c1de512828b39a00f3fe3cf4a94e3a04ad3e63b3f18e432e65248081cf2682,134865,bundled_source,,,File_C_blog_post/provenance/portable_chart_2/shared_25_4_award_check.json,
